ID,Text,Comment
Calloatti.AutoTweaks.ColorName.000000,Preto,
Calloatti.AutoTweaks.ColorName.000080,Marinho,
Calloatti.AutoTweaks.ColorName.00008B,Azul-escuro,
Calloatti.AutoTweaks.ColorName.0000CD,Azul médio,
Calloatti.AutoTweaks.ColorName.0000FF,Azul,
Calloatti.AutoTweaks.ColorName.000133,Azul muito escuro,
Calloatti.AutoTweaks.ColorName.00022E,Marinho azul escuro,
Calloatti.AutoTweaks.ColorName.00035B,Azul escuro,
Calloatti.AutoTweaks.ColorName.000435,Marinho escuro,
Calloatti.AutoTweaks.ColorName.001146,Azul marinho,
Calloatti.AutoTweaks.ColorName.002D04,Verde floresta escuro,
Calloatti.AutoTweaks.ColorName.004577,Azul prussiano,
Calloatti.AutoTweaks.ColorName.00468C,Azul madrugada,
Calloatti.AutoTweaks.ColorName.0048BA,Zero Absoluto,
Calloatti.AutoTweaks.ColorName.005249,Verde azul escuro,
Calloatti.AutoTweaks.ColorName.00555A,Turquesa profunda,
Calloatti.AutoTweaks.ColorName.005F6A,Petrol,
Calloatti.AutoTweaks.ColorName.006400,Verde escuro,
Calloatti.AutoTweaks.ColorName.0066CC,Azul marinho,
Calloatti.AutoTweaks.ColorName.0066FF,Azul (III),
Calloatti.AutoTweaks.ColorName.00755E,Floresta tropical,
Calloatti.AutoTweaks.ColorName.007DFF,Azul elétrico,
Calloatti.AutoTweaks.ColorName.008000,Verde,
Calloatti.AutoTweaks.ColorName.008080,Turquesa,
Calloatti.AutoTweaks.ColorName.0081AB,Azul aço,
Calloatti.AutoTweaks.ColorName.008B8B,Ciano escuro,
Calloatti.AutoTweaks.ColorName.009337,Verde Kelley,
Calloatti.AutoTweaks.ColorName.0095B7,Azul-verde,
Calloatti.AutoTweaks.ColorName.009DC4,Azul Pacífico,
Calloatti.AutoTweaks.ColorName.00B5FF,Azul claro,
Calloatti.AutoTweaks.ColorName.00BFFF,Céu azul profundo,
Calloatti.AutoTweaks.ColorName.00CC99,Verde caribe,
Calloatti.AutoTweaks.ColorName.00CCCC,Azul ovo de robin,
Calloatti.AutoTweaks.ColorName.00CED1,Turquesa escura,
Calloatti.AutoTweaks.ColorName.00FA9A,Verde primavera médio,
Calloatti.AutoTweaks.ColorName.00FBB0,Turquesa com verde,
Calloatti.AutoTweaks.ColorName.00FF00,Limão,
Calloatti.AutoTweaks.ColorName.00FF7F,Verde primavera,
Calloatti.AutoTweaks.ColorName.00FFBF,Turquesa,
Calloatti.AutoTweaks.ColorName.00FFFF,Ciano,
Calloatti.AutoTweaks.ColorName.010FCC,Azul verdadeiro,
Calloatti.AutoTweaks.ColorName.01153E,Marinho,
Calloatti.AutoTweaks.ColorName.01386A,Azul marinho,
Calloatti.AutoTweaks.ColorName.014182,Azul escurinho,
Calloatti.AutoTweaks.ColorName.014600,Verde corrida,
Calloatti.AutoTweaks.ColorName.014D4E,Turquesa escura,
Calloatti.AutoTweaks.ColorName.015482,Azul mar profundo,
Calloatti.AutoTweaks.ColorName.0165FC,Azul brilhante,
Calloatti.AutoTweaks.ColorName.016795,Azul pavão,
Calloatti.AutoTweaks.ColorName.017371,Aquamar escura,
Calloatti.AutoTweaks.ColorName.017374,Turquesa profunda,
Calloatti.AutoTweaks.ColorName.01786F,Árvore de pinheiro (verde),
Calloatti.AutoTweaks.ColorName.017A79,Azul-verde,
Calloatti.AutoTweaks.ColorName.017B92,Oceano,
Calloatti.AutoTweaks.ColorName.01889F,Azul turquesa,
Calloatti.AutoTweaks.ColorName.019529,Verde irlandês,
Calloatti.AutoTweaks.ColorName.01A049,Esmeralda,
Calloatti.AutoTweaks.ColorName.01B44C,Trevo,
Calloatti.AutoTweaks.ColorName.01C08D,Verde/Azul,
Calloatti.AutoTweaks.ColorName.01F9C6,Turquesa brilhante,
Calloatti.AutoTweaks.ColorName.01FF07,Verde brilhante,
Calloatti.AutoTweaks.ColorName.020035,Azul madrugada,
Calloatti.AutoTweaks.ColorName.0203E2,Azul puro,
Calloatti.AutoTweaks.ColorName.02066F,Azul real escuro,
Calloatti.AutoTweaks.ColorName.021BF9,Azul rico,
Calloatti.AutoTweaks.ColorName.02590F,Verde profundo,
Calloatti.AutoTweaks.ColorName.028F1E,Verde esmeralda,
Calloatti.AutoTweaks.ColorName.029386,Turquesa,
Calloatti.AutoTweaks.ColorName.02A4D3,Cerúleo,
Calloatti.AutoTweaks.ColorName.02AB2E,Verde Kelly,
Calloatti.AutoTweaks.ColorName.02C14D,Verde trevo,
Calloatti.AutoTweaks.ColorName.02CCFE,Céu azul brilhante,
Calloatti.AutoTweaks.ColorName.02D8E9,Água azul,
Calloatti.AutoTweaks.ColorName.03012D,Madrugada,
Calloatti.AutoTweaks.ColorName.030764,Azul-escuro,
Calloatti.AutoTweaks.ColorName.030AA7,Azul cobalto,
Calloatti.AutoTweaks.ColorName.033500,Verde escuro,
Calloatti.AutoTweaks.ColorName.0339F8,Azul vibrante,
Calloatti.AutoTweaks.ColorName.0343DF,Azul,
Calloatti.AutoTweaks.ColorName.03719C,Azul oceano,
Calloatti.AutoTweaks.ColorName.040273,Azul profundo,
Calloatti.AutoTweaks.ColorName.040348,Azul noturno,
Calloatti.AutoTweaks.ColorName.042E60,Marinho,
Calloatti.AutoTweaks.ColorName.044A05,Verde garrafa,
Calloatti.AutoTweaks.ColorName.045C5A,Turquesa escura,
Calloatti.AutoTweaks.ColorName.047495,Azul mar,
Calloatti.AutoTweaks.ColorName.048243,Verde selva,
Calloatti.AutoTweaks.ColorName.0485D1,Cerúleo,
Calloatti.AutoTweaks.ColorName.04D8B2,Aquamar,
Calloatti.AutoTweaks.ColorName.04D9FF,Azul neônio,
Calloatti.AutoTweaks.ColorName.04F489,Verde turquesa,
Calloatti.AutoTweaks.ColorName.0504AA,Azul real,
Calloatti.AutoTweaks.ColorName.05472A,Permanente,
Calloatti.AutoTweaks.ColorName.05480D,Verde corrida britânico,
Calloatti.AutoTweaks.ColorName.054907,Verde escuro,
Calloatti.AutoTweaks.ColorName.05696B,Água escura,
Calloatti.AutoTweaks.ColorName.056EEE,Azul cerúleo,
Calloatti.AutoTweaks.ColorName.05FF54,Verde primavera,
Calloatti.AutoTweaks.ColorName.05FFA6,Verde mar brilhante,
Calloatti.AutoTweaks.ColorName.062E03,Verde muito escuro,
Calloatti.AutoTweaks.ColorName.06470C,Verde floresta,
Calloatti.AutoTweaks.ColorName.0652FF,Azul elétrico,
Calloatti.AutoTweaks.ColorName.069AF3,Azul claro,
Calloatti.AutoTweaks.ColorName.06B1C4,Azul turquesa,
Calloatti.AutoTweaks.ColorName.06B48B,Verde azul,
Calloatti.AutoTweaks.ColorName.06C2AC,Turquesa,
Calloatti.AutoTweaks.ColorName.070D0D,Quase preto,
Calloatti.AutoTweaks.ColorName.0804F9,Azul primário,
Calloatti.AutoTweaks.ColorName.08787F,Água profunda,
Calloatti.AutoTweaks.ColorName.089404,Verde verdadeiro,
Calloatti.AutoTweaks.ColorName.08FF08,Verde fluorescente,
Calloatti.AutoTweaks.ColorName.0A437A,Azul crepúsculo,
Calloatti.AutoTweaks.ColorName.0A481E,Verde pinheiro,
Calloatti.AutoTweaks.ColorName.0A5F38,Abeto? → Pinheiro,
Calloatti.AutoTweaks.ColorName.0A7E8C,Verde marinho metálico,
Calloatti.AutoTweaks.ColorName.0A888A,Ciano escuro,
Calloatti.AutoTweaks.ColorName.0ADD08,Verde vibrante,
Calloatti.AutoTweaks.ColorName.0AFF02,Verde fluro,
Calloatti.AutoTweaks.ColorName.0B4008,Verde caçador,
Calloatti.AutoTweaks.ColorName.0B5509,Floresta,
Calloatti.AutoTweaks.ColorName.0B8B87,Azul com verde,
Calloatti.AutoTweaks.ColorName.0BF77D,Verde menta,
Calloatti.AutoTweaks.ColorName.0BF9EA,Água brilhante,
Calloatti.AutoTweaks.ColorName.0C06F7,Azul forte,
Calloatti.AutoTweaks.ColorName.0C1793,Real,
Calloatti.AutoTweaks.ColorName.0CB577,Verde turquesa,
Calloatti.AutoTweaks.ColorName.0CDC73,Verde turquesa-claro,
Calloatti.AutoTweaks.ColorName.0CFF0C,Verde neônio,
Calloatti.AutoTweaks.ColorName.0D75F8,Céu azul profundo,
Calloatti.AutoTweaks.ColorName.0E87CC,Azul água,
Calloatti.AutoTweaks.ColorName.0F9B8E,Azul/verde,
Calloatti.AutoTweaks.ColorName.0FFEF9,Turquesa brilhante,
Calloatti.AutoTweaks.ColorName.107AB0,Azul agradável,
Calloatti.AutoTweaks.ColorName.10A674,Verde azulado,
Calloatti.AutoTweaks.ColorName.11875D,Verde mar escuro,
Calloatti.AutoTweaks.ColorName.12161A,Desativado (padrão),
Calloatti.AutoTweaks.ColorName.12E193,Verde água,
Calloatti.AutoTweaks.ColorName.137E6D,Verde azul,
Calloatti.AutoTweaks.ColorName.13BBAF,Topázio,
Calloatti.AutoTweaks.ColorName.13EAC9,Água,
Calloatti.AutoTweaks.ColorName.14A989,Esmeralda,
Calloatti.AutoTweaks.ColorName.152EFF,Azul vívido,
Calloatti.AutoTweaks.ColorName.154406,Floresta verde,
Calloatti.AutoTweaks.ColorName.155084,Marinho claro,
Calloatti.AutoTweaks.ColorName.1560BD,Denim,
Calloatti.AutoTweaks.ColorName.15B01A,Verde,
Calloatti.AutoTweaks.ColorName.1805DB,Azul ultramar,
Calloatti.AutoTweaks.ColorName.18D17B,Alga marinha,
Calloatti.AutoTweaks.ColorName.191970,Azul madrugada,
Calloatti.AutoTweaks.ColorName.1A1110,Roxo? → Cabelo preto,
Calloatti.AutoTweaks.ColorName.1A40FF,Azul real,
Calloatti.AutoTweaks.ColorName.1AB385,Prado montanhoso,
Calloatti.AutoTweaks.ColorName.1AFF91,Água,
Calloatti.AutoTweaks.ColorName.1B1B1B,Preto siniestro? → Preto sobrenatural,
Calloatti.AutoTweaks.ColorName.1B2431,Escuro,
Calloatti.AutoTweaks.ColorName.1BFC06,Verde fluorescente,
Calloatti.AutoTweaks.ColorName.1D0200,Castanho muito escuro,
Calloatti.AutoTweaks.ColorName.1D5DEC,Azul,
Calloatti.AutoTweaks.ColorName.1E488F,Cobalto,
Calloatti.AutoTweaks.ColorName.1E90FF,Azul esquiva,
Calloatti.AutoTweaks.ColorName.1E9167,Virídio,
Calloatti.AutoTweaks.ColorName.1EF876,Menta,
Calloatti.AutoTweaks.ColorName.1F0954,Índigo escuro,
Calloatti.AutoTweaks.ColorName.1F3B4D,Cinza azul escuro,
Calloatti.AutoTweaks.ColorName.1F6357,Verde azul escuro,
Calloatti.AutoTweaks.ColorName.1FA774,Jade,
Calloatti.AutoTweaks.ColorName.1FB57A,Erva-do-mar escura,
Calloatti.AutoTweaks.ColorName.1FCC1F,Verde,
Calloatti.AutoTweaks.ColorName.2000B1,Ultramar,
Calloatti.AutoTweaks.ColorName.20B2AA,Verde mar claro,
Calloatti.AutoTweaks.ColorName.20C073,Verde menta escuro,
Calloatti.AutoTweaks.ColorName.20F986,Hortelã inverno,
Calloatti.AutoTweaks.ColorName.2138AB,Safira,
Calloatti.AutoTweaks.ColorName.214761,Azul ardósia escura,
Calloatti.AutoTweaks.ColorName.214FC6,Carro novo,
Calloatti.AutoTweaks.ColorName.21C36F,Verde alga,
Calloatti.AutoTweaks.ColorName.21FC0D,Verde elétrico,
Calloatti.AutoTweaks.ColorName.2242C7,Azul azul,
Calloatti.AutoTweaks.ColorName.2243B6,Azul denim,
Calloatti.AutoTweaks.ColorName.228B22,Floresta verde,
Calloatti.AutoTweaks.ColorName.23C48B,Verde-azul,
Calloatti.AutoTweaks.ColorName.247AFD,Azul claro,
Calloatti.AutoTweaks.ColorName.24BCA8,Turquesa-claro,
Calloatti.AutoTweaks.ColorName.253529,Jaqueta de couro,
Calloatti.AutoTweaks.ColorName.25A36F,Verde turquesa,
Calloatti.AutoTweaks.ColorName.25FF29,Verde quente,
Calloatti.AutoTweaks.ColorName.26538D,Azul crepúsculo,
Calloatti.AutoTweaks.ColorName.26F7FD,Azul claro brilhante,
Calloatti.AutoTweaks.ColorName.276AB3,Azul meio,
Calloatti.AutoTweaks.ColorName.280137,Roxo madrugada,
Calloatti.AutoTweaks.ColorName.287C37,Verde escurinho,
Calloatti.AutoTweaks.ColorName.2887C8,Verde-azul,
Calloatti.AutoTweaks.ColorName.29465B,Cinza azul escuro,
Calloatti.AutoTweaks.ColorName.2976BB,Azulado,
Calloatti.AutoTweaks.ColorName.299617,Verde lama,
Calloatti.AutoTweaks.ColorName.2996CC,Bot,
Calloatti.AutoTweaks.ColorName.29AB87,Árvore de koala (verde selva),
Calloatti.AutoTweaks.ColorName.2A0134,Roxo muito escuro,
Calloatti.AutoTweaks.ColorName.2A7E19,Verde árvore,
Calloatti.AutoTweaks.ColorName.2AFEB7,Ciano com verde,
Calloatti.AutoTweaks.ColorName.2B5D34,Pinheiro,
Calloatti.AutoTweaks.ColorName.2BAF6A,Verde jade,
Calloatti.AutoTweaks.ColorName.2BB179,Verde azulado,
Calloatti.AutoTweaks.ColorName.2C6FBB,Azul médio,
Calloatti.AutoTweaks.ColorName.2CFA1F,Verde radioativo,
Calloatti.AutoTweaks.ColorName.2D383A,Espaço externo,
Calloatti.AutoTweaks.ColorName.2D5DA1,Safira,
Calloatti.AutoTweaks.ColorName.2DFE54,Verde claro brilhante,
Calloatti.AutoTweaks.ColorName.2E2D88,Cobalto cósmico,
Calloatti.AutoTweaks.ColorName.2E5894,Azul deslumbrado,
Calloatti.AutoTweaks.ColorName.2E5A88,Marinho azul claro,
Calloatti.AutoTweaks.ColorName.2E8B57,Verde mar,
Calloatti.AutoTweaks.ColorName.2EE8BB,Mar de água,
Calloatti.AutoTweaks.ColorName.2F4F4F,Cinza ardósia escuro,
Calloatti.AutoTweaks.ColorName.2FEF10,Verde vívido,
Calloatti.AutoTweaks.ColorName.30BFBF,Verde azul máximo,
Calloatti.AutoTweaks.ColorName.31668A,Azul feio,
Calloatti.AutoTweaks.ColorName.319177,Esmeralda luminosa,
Calloatti.AutoTweaks.ColorName.32BF84,Turquesa com verde,
Calloatti.AutoTweaks.ColorName.32CD32,Verde limão,
Calloatti.AutoTweaks.ColorName.339ACC,Azul cerúleo,
Calloatti.AutoTweaks.ColorName.33B864,Verde fresco,
Calloatti.AutoTweaks.ColorName.33CC99,Trevo,
Calloatti.AutoTweaks.ColorName.34013F,Violeta escuro,
Calloatti.AutoTweaks.ColorName.341C02,Castanho escuro,
Calloatti.AutoTweaks.ColorName.343837,Carvão,
Calloatti.AutoTweaks.ColorName.35063E,Roxo escuro,
Calloatti.AutoTweaks.ColorName.353839,Ônix,
Calloatti.AutoTweaks.ColorName.35530A,Verde marinho,
Calloatti.AutoTweaks.ColorName.35AD6B,Verde alga mar,
Calloatti.AutoTweaks.ColorName.36013F,Roxo profundo,
Calloatti.AutoTweaks.ColorName.363737,Cinza escuro,
Calloatti.AutoTweaks.ColorName.373E02,Oliva escura,
Calloatti.AutoTweaks.ColorName.3778BF,Azul janelas,
Calloatti.AutoTweaks.ColorName.380282,Índigo,
Calloatti.AutoTweaks.ColorName.380835,Berinjela,
Calloatti.AutoTweaks.ColorName.388004,Verde grama escuro,
Calloatti.AutoTweaks.ColorName.391285,Pó de duende,
Calloatti.AutoTweaks.ColorName.39AD48,Verde médio,
Calloatti.AutoTweaks.ColorName.3A18B1,Azul índigo,
Calloatti.AutoTweaks.ColorName.3A2EFE,Azul real claro,
Calloatti.AutoTweaks.ColorName.3AA655,Verde,
Calloatti.AutoTweaks.ColorName.3AA8C1,Lua,
Calloatti.AutoTweaks.ColorName.3AE57F,Verde estranho,
Calloatti.AutoTweaks.ColorName.3B5B92,Azul denim,
Calloatti.AutoTweaks.ColorName.3B638C,Denim,
Calloatti.AutoTweaks.ColorName.3B719F,Azul tenro,
Calloatti.AutoTweaks.ColorName.3C0008,Borgonha escuro,
Calloatti.AutoTweaks.ColorName.3C4142,Cinza carvão,
Calloatti.AutoTweaks.ColorName.3C4D03,Verde azeite escuro,
Calloatti.AutoTweaks.ColorName.3C73A8,Azul plano,
Calloatti.AutoTweaks.ColorName.3C9992,MAR,
Calloatti.AutoTweaks.ColorName.3CB371,Verde mar médio,
Calloatti.AutoTweaks.ColorName.3D0734,Berinjela,
Calloatti.AutoTweaks.ColorName.3D1C02,Chocolate,
Calloatti.AutoTweaks.ColorName.3D7AFD,Azul claro-claro,
Calloatti.AutoTweaks.ColorName.3D9973,Verde oceano,
Calloatti.AutoTweaks.ColorName.3E82FC,Azul esquiva,
Calloatti.AutoTweaks.ColorName.3EAF76,Verde espuma mar escura,
Calloatti.AutoTweaks.ColorName.3F012C,Amora escuro,
Calloatti.AutoTweaks.ColorName.3F26BF,Azul ultramar,
Calloatti.AutoTweaks.ColorName.3F829D,Azul sujo,
Calloatti.AutoTweaks.ColorName.3F9B0B,Verde grama,
Calloatti.AutoTweaks.ColorName.40A368,Azul-verde? → Verde-acinzentado,
Calloatti.AutoTweaks.ColorName.40E0D0,Turquesa,
Calloatti.AutoTweaks.ColorName.40FD14,Verde venenoso,
Calloatti.AutoTweaks.ColorName.40FF69,Verde menta,
Calloatti.AutoTweaks.ColorName.410200,Castanho profundo,
Calloatti.AutoTweaks.ColorName.411900,Castanho chocolate,
Calloatti.AutoTweaks.ColorName.4169E1,Azul real,
Calloatti.AutoTweaks.ColorName.419C03,Verde gramalhudo,
Calloatti.AutoTweaks.ColorName.41FDFE,Ciano brilhante,
Calloatti.AutoTweaks.ColorName.42B395,Azul verde-claro,
Calloatti.AutoTweaks.ColorName.430541,Roxo berinjela,
Calloatti.AutoTweaks.ColorName.436BAD,Azul francês,
Calloatti.AutoTweaks.ColorName.436CB9,Lápis-lazúli,
Calloatti.AutoTweaks.ColorName.448EE4,Céu azul escuro,
Calloatti.AutoTweaks.ColorName.44D7A8,Eucalipto,
Calloatti.AutoTweaks.ColorName.4570E6,Azul (II),
Calloatti.AutoTweaks.ColorName.45A27D,Pinheiro,
Calloatti.AutoTweaks.ColorName.464196,Blueberry,
Calloatti.AutoTweaks.ColorName.4682B4,Azul aço,
Calloatti.AutoTweaks.ColorName.469496,Malachita,
Calloatti.AutoTweaks.ColorName.469A84,Jade,
Calloatti.AutoTweaks.ColorName.475F94,Azul crepuscular,
Calloatti.AutoTweaks.ColorName.47ABCC,Azul máximo,
Calloatti.AutoTweaks.ColorName.483D8B,Azul ardósia escura,
Calloatti.AutoTweaks.ColorName.48C072,Verde menta escuro,
Calloatti.AutoTweaks.ColorName.48D1CC,Turquesa médio,
Calloatti.AutoTweaks.ColorName.490648,Violeta profunda,
Calloatti.AutoTweaks.ColorName.49759C,Azul apagado,
Calloatti.AutoTweaks.ColorName.4984B8,Azul fresco,
Calloatti.AutoTweaks.ColorName.4997D0,Azul (I),
Calloatti.AutoTweaks.ColorName.4A0100,Jatobá? → Carvalho escuro,
Calloatti.AutoTweaks.ColorName.4A646C,Brilho do espaço profundo,
Calloatti.AutoTweaks.ColorName.4B006E,Roxo real,
Calloatti.AutoTweaks.ColorName.4B0082,Índigo,
Calloatti.AutoTweaks.ColorName.4B0101,Sangue seco,
Calloatti.AutoTweaks.ColorName.4B57DB,Azul morno,
Calloatti.AutoTweaks.ColorName.4B5D16,Verde exército,
Calloatti.AutoTweaks.ColorName.4B6113,Verde camuflagem,
Calloatti.AutoTweaks.ColorName.4BC7CF,Serpente mar,
Calloatti.AutoTweaks.ColorName.4C9085,Turquesa polvorenta,
Calloatti.AutoTweaks.ColorName.4D8C57,Verde central,
Calloatti.AutoTweaks.ColorName.4DA409,Verde grama,
Calloatti.AutoTweaks.ColorName.4E0550,Roxo ameixa,
Calloatti.AutoTweaks.ColorName.4E518B,Crepúsculo,
Calloatti.AutoTweaks.ColorName.4E5481,Crepúsculo,
Calloatti.AutoTweaks.ColorName.4E7496,Azul cadete,
Calloatti.AutoTweaks.ColorName.4EFD54,Verde neônio claro,
Calloatti.AutoTweaks.ColorName.4F00FF,Índigo,
Calloatti.AutoTweaks.ColorName.4F69C6,Índigo,
Calloatti.AutoTweaks.ColorName.4F738E,Azul metálico,
Calloatti.AutoTweaks.ColorName.4F86F7,Blueberry,
Calloatti.AutoTweaks.ColorName.4F9153,Verde floresta claro,
Calloatti.AutoTweaks.ColorName.507B9C,Azul tempestade,
Calloatti.AutoTweaks.ColorName.50A747,Verde meio,
Calloatti.AutoTweaks.ColorName.50BFE6,Azul tempestade,
Calloatti.AutoTweaks.ColorName.510AC9,Azul violeta,
Calloatti.AutoTweaks.ColorName.516572,Ardósia,
Calloatti.AutoTweaks.ColorName.5170D7,Azul centáurea,
Calloatti.AutoTweaks.ColorName.51B73B,Verde folhudo,
Calloatti.AutoTweaks.ColorName.526525,Verde camuflagem,
Calloatti.AutoTweaks.ColorName.533CC6,Azul com toque de roxo,
Calloatti.AutoTweaks.ColorName.536267,Chumbo,
Calloatti.AutoTweaks.ColorName.53FCA1,Verde mar,
Calloatti.AutoTweaks.ColorName.53FE5C,Verde claro brilhante,
Calloatti.AutoTweaks.ColorName.544E03,Verde castanho,
Calloatti.AutoTweaks.ColorName.548D44,Verde samambaia,
Calloatti.AutoTweaks.ColorName.54AC68,Alga,
Calloatti.AutoTweaks.ColorName.5539CC,Azul-roxo,
Calloatti.AutoTweaks.ColorName.556B2F,Verde azeite escuro,
Calloatti.AutoTweaks.ColorName.5684AE,Azul desbotado,
Calloatti.AutoTweaks.ColorName.56887D,Sonho hortelã inverno,
Calloatti.AutoTweaks.ColorName.56AE57,Verde pastel escuro,
Calloatti.AutoTweaks.ColorName.56FCA2,Verde azul claro,
Calloatti.AutoTweaks.ColorName.5729CE,Roxo azul,
Calloatti.AutoTweaks.ColorName.580F41,Ameixa,
Calloatti.AutoTweaks.ColorName.58427C,Uva cibernética,
Calloatti.AutoTweaks.ColorName.58BC08,Verde rã,
Calloatti.AutoTweaks.ColorName.5946B2,Roxo gordo,
Calloatti.AutoTweaks.ColorName.59656D,Cinza ardósia,
Calloatti.AutoTweaks.ColorName.598556,Salvia escura,
Calloatti.AutoTweaks.ColorName.5A06EF,Azul/roxo,
Calloatti.AutoTweaks.ColorName.5A7D9A,Azul aço,
Calloatti.AutoTweaks.ColorName.5A86AD,Azul polvorenta,
Calloatti.AutoTweaks.ColorName.5B7C99,Azul ardósia,
Calloatti.AutoTweaks.ColorName.5C8B15,Verde sebo,
Calloatti.AutoTweaks.ColorName.5CA904,Verde folha,
Calloatti.AutoTweaks.ColorName.5CAC2D,Grama,
Calloatti.AutoTweaks.ColorName.5CB200,Verde Kermit,
Calloatti.AutoTweaks.ColorName.5D06E9,Violeta azul,
Calloatti.AutoTweaks.ColorName.5D1451,Roxo uva,
Calloatti.AutoTweaks.ColorName.5D21D0,Roxo/Azul,
Calloatti.AutoTweaks.ColorName.5DA493,Pinheiro polido,
Calloatti.AutoTweaks.ColorName.5DADEC,Jeans azul,
Calloatti.AutoTweaks.ColorName.5E819D,Azul cinza-claro,
Calloatti.AutoTweaks.ColorName.5E8C31,Verde máximo,
Calloatti.AutoTweaks.ColorName.5E9B8A,Turquesa cinza,
Calloatti.AutoTweaks.ColorName.5EDC1F,Maçã verde,
Calloatti.AutoTweaks.ColorName.5F34E7,Azul roxo-claro,
Calloatti.AutoTweaks.ColorName.5F8A8B,Turquesa aço,
Calloatti.AutoTweaks.ColorName.5F9E8F,Turquesa apagado,
Calloatti.AutoTweaks.ColorName.5F9EA0,Azul cadete,
Calloatti.AutoTweaks.ColorName.5FA052,Verde tenro,
Calloatti.AutoTweaks.ColorName.5FA777,Verde floresta,
Calloatti.AutoTweaks.ColorName.5FA778,Verde brilhante trevo,
Calloatti.AutoTweaks.ColorName.601EF9,Azul roxo-claro,
Calloatti.AutoTweaks.ColorName.60460F,Castanho lama,
Calloatti.AutoTweaks.ColorName.606602,Verde lama,
Calloatti.AutoTweaks.ColorName.607C8E,Cinza azul,
Calloatti.AutoTweaks.ColorName.610023,Borgonha,
Calloatti.AutoTweaks.ColorName.614051,Berinjela,
Calloatti.AutoTweaks.ColorName.6140EF,Azul roxo-claro,
Calloatti.AutoTweaks.ColorName.61DE2A,Verde tóxico,
Calloatti.AutoTweaks.ColorName.61E160,Verde claro-claro,
Calloatti.AutoTweaks.ColorName.6241C7,Roxo azulado,
Calloatti.AutoTweaks.ColorName.6258C4,Íris,
Calloatti.AutoTweaks.ColorName.632DE9,Roxo azul,
Calloatti.AutoTweaks.ColorName.638B27,Verde musgoso,
Calloatti.AutoTweaks.ColorName.63A950,Samambaia,
Calloatti.AutoTweaks.ColorName.63B365,Verde monótono,
Calloatti.AutoTweaks.ColorName.63B76C,Samambaia,
Calloatti.AutoTweaks.ColorName.63F7B4,Azul verde claro,
Calloatti.AutoTweaks.ColorName.645403,Castanho azeite,
Calloatti.AutoTweaks.ColorName.6456B7,Azul-violeta,
Calloatti.AutoTweaks.ColorName.64609A,Ametista,
Calloatti.AutoTweaks.ColorName.647D8E,Cinza/Azul,
Calloatti.AutoTweaks.ColorName.6488EA,Azul suave,
Calloatti.AutoTweaks.ColorName.6495ED,Azul centáurea,
Calloatti.AutoTweaks.ColorName.650021,Castanho escuro,
Calloatti.AutoTweaks.ColorName.652DC1,Roxo coração,
Calloatti.AutoTweaks.ColorName.653700,Castanho,
Calloatti.AutoTweaks.ColorName.657432,Verde lama,
Calloatti.AutoTweaks.ColorName.658B38,Verde erva,
Calloatti.AutoTweaks.ColorName.658CBB,Azul desbotado,
Calloatti.AutoTweaks.ColorName.658D6D,Verde ardósia,
Calloatti.AutoTweaks.ColorName.65AB7C,Chá,
Calloatti.AutoTweaks.ColorName.65FE08,Verde limão brilhante,
Calloatti.AutoTweaks.ColorName.661AEE,Azul roxo-claro,
Calloatti.AutoTweaks.ColorName.664228,Castanho Van Dyke,
Calloatti.AutoTweaks.ColorName.665233,Umber bruto,
Calloatti.AutoTweaks.ColorName.665FD1,Periquita escura,
Calloatti.AutoTweaks.ColorName.667C3E,Verde militar,
Calloatti.AutoTweaks.ColorName.667E2C,Verde sujo,
Calloatti.AutoTweaks.ColorName.66CDAA,Aquamar médio,
Calloatti.AutoTweaks.ColorName.66FF66,Grito verde,
Calloatti.AutoTweaks.ColorName.673A3F,Castanho roxo,
Calloatti.AutoTweaks.ColorName.676767,Cinza granito,
Calloatti.AutoTweaks.ColorName.677A04,Verde azeite,
Calloatti.AutoTweaks.ColorName.680018,Borgonha,
Calloatti.AutoTweaks.ColorName.6832E3,Azul-roxo,
Calloatti.AutoTweaks.ColorName.696006,Castanho verde-claro,
Calloatti.AutoTweaks.ColorName.696112,Castanho com verde,
Calloatti.AutoTweaks.ColorName.696969,Cinza tênue,
Calloatti.AutoTweaks.ColorName.698339,Pântano,
Calloatti.AutoTweaks.ColorName.699D4C,Verde plano,
Calloatti.AutoTweaks.ColorName.69D84F,Verde fresco,
Calloatti.AutoTweaks.ColorName.6A5ACD,Azul ardósia,
Calloatti.AutoTweaks.ColorName.6A6E09,Verde castanhoso,
Calloatti.AutoTweaks.ColorName.6A79F7, centáurea,
Calloatti.AutoTweaks.ColorName.6B3FA0,Roxo real,
Calloatti.AutoTweaks.ColorName.6B4247,Castanho roxo-claro,
Calloatti.AutoTweaks.ColorName.6B7C85,Cinza couraça,
Calloatti.AutoTweaks.ColorName.6B8BA4,Azul cinza,
Calloatti.AutoTweaks.ColorName.6B8E23,Oliva desbotada,
Calloatti.AutoTweaks.ColorName.6BA353,Verde desbotado,
Calloatti.AutoTweaks.ColorName.6C3461,Uva,
Calloatti.AutoTweaks.ColorName.6C7A0E,Verde turvo,
Calloatti.AutoTweaks.ColorName.6CA67C,Verde cromo médio,
Calloatti.AutoTweaks.ColorName.6CDAE7,Azul turquesa,
Calloatti.AutoTweaks.ColorName.6D5ACF,Azul índigo claro,
Calloatti.AutoTweaks.ColorName.6D9BC3,Geada cerúleo,
Calloatti.AutoTweaks.ColorName.6DEDFD,Azul ovo de robin,
Calloatti.AutoTweaks.ColorName.6E1005,Castanho reder,
Calloatti.AutoTweaks.ColorName.6E750E,Oliva,
Calloatti.AutoTweaks.ColorName.6EAEA1,Brilho verde,
Calloatti.AutoTweaks.ColorName.6ECB3C,Maçã,
Calloatti.AutoTweaks.ColorName.6F2DA8,Uva,
Calloatti.AutoTweaks.ColorName.6F6C0A,Verde castanho,
Calloatti.AutoTweaks.ColorName.6F7632,Oliva desbotada,
Calloatti.AutoTweaks.ColorName.6F7C00,Verde cocar,
Calloatti.AutoTweaks.ColorName.6F828A,Cinza aço,
Calloatti.AutoTweaks.ColorName.6FC276,Verde suave,
Calloatti.AutoTweaks.ColorName.703BE7,Roxo azulado,
Calloatti.AutoTweaks.ColorName.706C11,Verde castanho,
Calloatti.AutoTweaks.ColorName.7070CC,Azul celestial,
Calloatti.AutoTweaks.ColorName.708090,Cinza ardósia,
Calloatti.AutoTweaks.ColorName.70B23F,Verde nojento,
Calloatti.AutoTweaks.ColorName.719F91,Turquesa cinza-claro,
Calloatti.AutoTweaks.ColorName.71AA34,Folha,
Calloatti.AutoTweaks.ColorName.720058,Roxo rico,
Calloatti.AutoTweaks.ColorName.728639,Verde caqui,
Calloatti.AutoTweaks.ColorName.728F02,Verde amarelo escuro,
Calloatti.AutoTweaks.ColorName.730039,Merlot,
Calloatti.AutoTweaks.ColorName.732E6C,Violeta (I),
Calloatti.AutoTweaks.ColorName.733380,Roxo máximo,
Calloatti.AutoTweaks.ColorName.734A65,Roxo sujo,
Calloatti.AutoTweaks.ColorName.735C12,Lama,
Calloatti.AutoTweaks.ColorName.736A62,Cinza carvão,
Calloatti.AutoTweaks.ColorName.738276,Fumaça,
Calloatti.AutoTweaks.ColorName.738595,Aço,
Calloatti.AutoTweaks.ColorName.73FF00,Verde lima vibrante,
Calloatti.AutoTweaks.ColorName.742802,Castanho,
Calloatti.AutoTweaks.ColorName.748500,Verde pântano,
Calloatti.AutoTweaks.ColorName.748B97,Cinza azulado,
Calloatti.AutoTweaks.ColorName.749551,Verde tênue,
Calloatti.AutoTweaks.ColorName.74A662,Verde apagado,
Calloatti.AutoTweaks.ColorName.750851,Veludo,
Calloatti.AutoTweaks.ColorName.751973,Roxo escurinho,
Calloatti.AutoTweaks.ColorName.757575,Prata sonic,
Calloatti.AutoTweaks.ColorName.758000,Verde cacau,
Calloatti.AutoTweaks.ColorName.758DA3,Azul/cinza,
Calloatti.AutoTweaks.ColorName.75B84F,Verde tartaruga,
Calloatti.AutoTweaks.ColorName.75BBFD,Azul céu,
Calloatti.AutoTweaks.ColorName.75FD63,Verde mais claro,
Calloatti.AutoTweaks.ColorName.76424E,Roxo castanhoso,
Calloatti.AutoTweaks.ColorName.766EC8,Violeta-azul,
Calloatti.AutoTweaks.ColorName.769958,Erva,
Calloatti.AutoTweaks.ColorName.76A973,Verde polvorenta,
Calloatti.AutoTweaks.ColorName.76CD26,Verde maçã,
Calloatti.AutoTweaks.ColorName.76D7EA,Ar fresco (céu azul),
Calloatti.AutoTweaks.ColorName.76FDA8,Verde azul claro claro,
Calloatti.AutoTweaks.ColorName.76FF7B,Verde claro,
Calloatti.AutoTweaks.ColorName.770001,Sangue,
Calloatti.AutoTweaks.ColorName.778899,Cinza ardósia claro,
Calloatti.AutoTweaks.ColorName.778BA5,Azul sombra,
Calloatti.AutoTweaks.ColorName.77926F,Cinza verde,
Calloatti.AutoTweaks.ColorName.77A1B5,Cinza-azul,
Calloatti.AutoTweaks.ColorName.77AB56,Alho-porró? → Aspargos,
Calloatti.AutoTweaks.ColorName.789B73,Verde cinza,
Calloatti.AutoTweaks.ColorName.78D1B6,Azul espuma mar,
Calloatti.AutoTweaks.ColorName.7A5901,Castanho cocar,
Calloatti.AutoTweaks.ColorName.7A687F,Cinza roxo-claro,
Calloatti.AutoTweaks.ColorName.7A6A4F,Castanho cinza-claro,
Calloatti.AutoTweaks.ColorName.7A89B8,Yonder azul selvagem,
Calloatti.AutoTweaks.ColorName.7A9703,Verde feio,
Calloatti.AutoTweaks.ColorName.7AF9AB,Verde espuma mar,
Calloatti.AutoTweaks.ColorName.7B002C,Borgonha,
Calloatti.AutoTweaks.ColorName.7B0323,Vinho tinto,
Calloatti.AutoTweaks.ColorName.7B5804,Castanho cacau,
Calloatti.AutoTweaks.ColorName.7B68EE,Azul ardósia médio,
Calloatti.AutoTweaks.ColorName.7BA05B,Alho-porró? → Aspargos,
Calloatti.AutoTweaks.ColorName.7BB274,Verde desbotado,
Calloatti.AutoTweaks.ColorName.7BC8F6,Azul claro,
Calloatti.AutoTweaks.ColorName.7BF2DA,Azul Tiffany,
Calloatti.AutoTweaks.ColorName.7BFDC7,Aquamar claro,
Calloatti.AutoTweaks.ColorName.7CFC00,Verde grama,
Calloatti.AutoTweaks.ColorName.7D7103,Castanho feio,
Calloatti.AutoTweaks.ColorName.7D7F7C,Cinza médio,
Calloatti.AutoTweaks.ColorName.7E1E9C,Roxo,
Calloatti.AutoTweaks.ColorName.7E4071,Hematoma,
Calloatti.AutoTweaks.ColorName.7EA07A,Cinza verde-claro,
Calloatti.AutoTweaks.ColorName.7EBD01,Verde limão escuro,
Calloatti.AutoTweaks.ColorName.7ED4E6,Azul central,
Calloatti.AutoTweaks.ColorName.7EF4CC,Turquesa claro,
Calloatti.AutoTweaks.ColorName.7EFBB3,Verde azul claro,
Calloatti.AutoTweaks.ColorName.7F2B0A,Castanho vermelho,
Calloatti.AutoTweaks.ColorName.7F4E1E,Chocolate com leite,
Calloatti.AutoTweaks.ColorName.7F5112,Castanho médio,
Calloatti.AutoTweaks.ColorName.7F5E00,Cacau? → Cocar,
Calloatti.AutoTweaks.ColorName.7F5F00,Cacau,
Calloatti.AutoTweaks.ColorName.7F684E,Tauque escuro,
Calloatti.AutoTweaks.ColorName.7F7053,Castanho cinza,
Calloatti.AutoTweaks.ColorName.7F8F4E,Camuflagem,
Calloatti.AutoTweaks.ColorName.7FFF00,Creme,
Calloatti.AutoTweaks.ColorName.7FFFD4,Aquamar,
Calloatti.AutoTweaks.ColorName.800000,Castanho escuro,
Calloatti.AutoTweaks.ColorName.800080,Roxo,
Calloatti.AutoTweaks.ColorName.80013F,Vinho,
Calloatti.AutoTweaks.ColorName.803790,Violeta vívida,
Calloatti.AutoTweaks.ColorName.805533,Umber queimado,
Calloatti.AutoTweaks.ColorName.805B87,Roxo tenro,
Calloatti.AutoTweaks.ColorName.808000,Oliva,
Calloatti.AutoTweaks.ColorName.808080,Cinza,
Calloatti.AutoTweaks.ColorName.80F9AD,Espuma mar,
Calloatti.AutoTweaks.ColorName.820747,Roxo vermelho,
Calloatti.AutoTweaks.ColorName.825F87,Roxo polvorenta,
Calloatti.AutoTweaks.ColorName.826D8C,Roxo cinza,
Calloatti.AutoTweaks.ColorName.828344,Tênue,
Calloatti.AutoTweaks.ColorName.828E84,Tumba da múmia,
Calloatti.AutoTweaks.ColorName.82A67D,Verde cinza-claro,
Calloatti.AutoTweaks.ColorName.82CAFC,Céu,
Calloatti.AutoTweaks.ColorName.82CBB2,Turquesa pálido,
Calloatti.AutoTweaks.ColorName.832A0D,Topázio cinza,
Calloatti.AutoTweaks.ColorName.8359A3,Violeta (II),
Calloatti.AutoTweaks.ColorName.836539,Castanho lama,
Calloatti.AutoTweaks.ColorName.837050,Sombra,
Calloatti.AutoTweaks.ColorName.840000,Vermelho escuro,
Calloatti.AutoTweaks.ColorName.84597E,Roxo apagado,
Calloatti.AutoTweaks.ColorName.84B701,Limão escuro,
Calloatti.AutoTweaks.ColorName.84DE02,Axila de ET,
Calloatti.AutoTweaks.ColorName.850E04,Vermelho indiano,
Calloatti.AutoTweaks.ColorName.856798,Lavanda escura,
Calloatti.AutoTweaks.ColorName.85754E,Fusão ouro,
Calloatti.AutoTweaks.ColorName.85A3B2,Cinza-azul,
Calloatti.AutoTweaks.ColorName.85BDCC,Automatizador (padrão ativado),
Calloatti.AutoTweaks.ColorName.866F85,Cinza roxo,
Calloatti.AutoTweaks.ColorName.86775F,Cinza castanhoso,
Calloatti.AutoTweaks.ColorName.86A17D,Cinza/Verde,
Calloatti.AutoTweaks.ColorName.87421F,Fofinho,
Calloatti.AutoTweaks.ColorName.874C62,Roxo escuro,
Calloatti.AutoTweaks.ColorName.8756E4,Roxo-claro,
Calloatti.AutoTweaks.ColorName.875F42,Cacau,
Calloatti.AutoTweaks.ColorName.876E4B,Castanho apagado,
Calloatti.AutoTweaks.ColorName.87A922,Verde abacate,
Calloatti.AutoTweaks.ColorName.87AE73,Salvia,
Calloatti.AutoTweaks.ColorName.87CEEB,Azul céu,
Calloatti.AutoTweaks.ColorName.87CEFA,Céu azul claro,
Calloatti.AutoTweaks.ColorName.87FD05,Limão brilhante,
Calloatti.AutoTweaks.ColorName.87FF2A,Gelo primavera,
Calloatti.AutoTweaks.ColorName.885F01,Castanho caca,
Calloatti.AutoTweaks.ColorName.886806,Castanho lama,
Calloatti.AutoTweaks.ColorName.887191,Roxo cinza-claro,
Calloatti.AutoTweaks.ColorName.889717,Verde cocar bebê,
Calloatti.AutoTweaks.ColorName.88B378,Verde salvia,
Calloatti.AutoTweaks.ColorName.894585,Berinjela clara,
Calloatti.AutoTweaks.ColorName.895B7B,Roxo crepuscular,
Calloatti.AutoTweaks.ColorName.89A0B0,Cinza azulado,
Calloatti.AutoTweaks.ColorName.89A203,Verde vômito,
Calloatti.AutoTweaks.ColorName.89FE05,Verde limão,
Calloatti.AutoTweaks.ColorName.8A2BE2,Azul-violeta,
Calloatti.AutoTweaks.ColorName.8A496B,Lavanda crepúsculo,
Calloatti.AutoTweaks.ColorName.8A6E45,Lama,
Calloatti.AutoTweaks.ColorName.8AB8FE,Azul Carolina,
Calloatti.AutoTweaks.ColorName.8AF1FE,Azul ovo de robin,
Calloatti.AutoTweaks.ColorName.8B0000,Vermelho escuro,
Calloatti.AutoTweaks.ColorName.8B008B,Magenta escuro,
Calloatti.AutoTweaks.ColorName.8B2E16,Castanho vermelho,
Calloatti.AutoTweaks.ColorName.8B3103,Castanho ferrugem,
Calloatti.AutoTweaks.ColorName.8B4513,Couro? → Marrom selim,
Calloatti.AutoTweaks.ColorName.8B72BE,Roxo azul central,
Calloatti.AutoTweaks.ColorName.8B8680,Cinza,
Calloatti.AutoTweaks.ColorName.8B88F8,Azul lavanda,
Calloatti.AutoTweaks.ColorName.8BA8B7,Azul estanho,
Calloatti.AutoTweaks.ColorName.8C000F,Carmesim,
Calloatti.AutoTweaks.ColorName.8C0034,Vinho tinto,
Calloatti.AutoTweaks.ColorName.8C90C8,Azul cobalto,
Calloatti.AutoTweaks.ColorName.8CFD7E,Verde páscoa,
Calloatti.AutoTweaks.ColorName.8CFF9E,Verde bebê,
Calloatti.AutoTweaks.ColorName.8CFFDB,Água clara,
Calloatti.AutoTweaks.ColorName.8D4E85,Berry razzmático,
Calloatti.AutoTweaks.ColorName.8D5EB7,Lavanda profunda,
Calloatti.AutoTweaks.ColorName.8D8468,Cinza castanho,
Calloatti.AutoTweaks.ColorName.8D90A1,Menino-mãe? → Peixe-mãe,
Calloatti.AutoTweaks.ColorName.8DD9CC,Verde azul central,
Calloatti.AutoTweaks.ColorName.8E3179,Ameixa,
Calloatti.AutoTweaks.ColorName.8E7618,Louro,
Calloatti.AutoTweaks.ColorName.8E82FE,Periquita? → Capacho,
Calloatti.AutoTweaks.ColorName.8EAB12,Verde ervilha,
Calloatti.AutoTweaks.ColorName.8EE53F,Verde kiwi,
Calloatti.AutoTweaks.ColorName.8F1402,Vermelho tijolo,
Calloatti.AutoTweaks.ColorName.8F47B3,Violeta médio,
Calloatti.AutoTweaks.ColorName.8F7303,Caca,
Calloatti.AutoTweaks.ColorName.8F8CE7,Periquita,
Calloatti.AutoTweaks.ColorName.8F9805,Verde cocar bebê,
Calloatti.AutoTweaks.ColorName.8F99FB,Azul periquita,
Calloatti.AutoTweaks.ColorName.8FAE22,Verde nojento,
Calloatti.AutoTweaks.ColorName.8FB67B,Líquen,
Calloatti.AutoTweaks.ColorName.8FBC8F,Verde mar escuro,
Calloatti.AutoTweaks.ColorName.8FD400,Verde brilhante,
Calloatti.AutoTweaks.ColorName.8FD8D8,Azul claro,
Calloatti.AutoTweaks.ColorName.8FFE09,Verde ácido,
Calloatti.AutoTweaks.ColorName.8FFF9F,Verde menta,
Calloatti.AutoTweaks.ColorName.90B134,Abacate,
Calloatti.AutoTweaks.ColorName.90E4C1,Turquesa claro,
Calloatti.AutoTweaks.ColorName.90EE90,Verde claro,
Calloatti.AutoTweaks.ColorName.90FDA9,Verde espuma,
Calloatti.AutoTweaks.ColorName.910951,Roxo vermelho,
Calloatti.AutoTweaks.ColorName.914E75,Ameixa açúcar,
Calloatti.AutoTweaks.ColorName.916E99,Roxo desbotado,
Calloatti.AutoTweaks.ColorName.920A4E,Mulberry? → Amora-preta,
Calloatti.AutoTweaks.ColorName.922B05,Vermelho castanho,
Calloatti.AutoTweaks.ColorName.926F5B,Castor,
Calloatti.AutoTweaks.ColorName.92926E,OURO (I),
Calloatti.AutoTweaks.ColorName.929591,Cinza,
Calloatti.AutoTweaks.ColorName.929901,Sopa de ervilha,
Calloatti.AutoTweaks.ColorName.933709,Citrino,
Calloatti.AutoTweaks.ColorName.9370DB,Roxo médio,
Calloatti.AutoTweaks.ColorName.937C00,Cacau de bebê? → Cocar de bebê,
Calloatti.AutoTweaks.ColorName.93CCEA, centáurea,
Calloatti.AutoTweaks.ColorName.93DFB8,Verde mar,
Calloatti.AutoTweaks.ColorName.9400D3,Violeta escuro,
Calloatti.AutoTweaks.ColorName.94568C,Roxo-claro,
Calloatti.AutoTweaks.ColorName.947706,Castanho vômito,
Calloatti.AutoTweaks.ColorName.947E94,Cinza roxo-claro,
Calloatti.AutoTweaks.ColorName.94A617,Verde sopa de ervilha,
Calloatti.AutoTweaks.ColorName.94AC02,Verde vômito,
Calloatti.AutoTweaks.ColorName.94B21C,Verde doente,
Calloatti.AutoTweaks.ColorName.952E8F,Roxo morno,
Calloatti.AutoTweaks.ColorName.95A3A6,Cinza fresco,
Calloatti.AutoTweaks.ColorName.95D0FC,Azul claro,
Calloatti.AutoTweaks.ColorName.95E0E8,Aquamar,
Calloatti.AutoTweaks.ColorName.960056,Magenta escuro,
Calloatti.AutoTweaks.ColorName.9600FF,Violeta,
Calloatti.AutoTweaks.ColorName.964E02,Castanho morno,
Calloatti.AutoTweaks.ColorName.966EBD,Lilás profundo,
Calloatti.AutoTweaks.ColorName.96AE8D,Cinza com verde,
Calloatti.AutoTweaks.ColorName.96B403,Verde sebo,
Calloatti.AutoTweaks.ColorName.96F97B,Verde claro,
Calloatti.AutoTweaks.ColorName.978A84,Cinza morno,
Calloatti.AutoTweaks.ColorName.980002,Vermelho sangue,
Calloatti.AutoTweaks.ColorName.983FB2,Roxo-claro,
Calloatti.AutoTweaks.ColorName.98568D,Roxo-claro,
Calloatti.AutoTweaks.ColorName.985E2B,Sépia,
Calloatti.AutoTweaks.ColorName.98EFF9,Azul ovo de robin,
Calloatti.AutoTweaks.ColorName.98F6B0,Verde mar claro,
Calloatti.AutoTweaks.ColorName.98FB98,Verde pálido,
Calloatti.AutoTweaks.ColorName.9900FA,Roxo vívido,
Calloatti.AutoTweaks.ColorName.990147,Roxo vermelho,
Calloatti.AutoTweaks.ColorName.990F4B,Berry,
Calloatti.AutoTweaks.ColorName.9932CC,Orquídea escura,
Calloatti.AutoTweaks.ColorName.997570,Cinza vermelho,
Calloatti.AutoTweaks.ColorName.9999CC,Sino azul,
Calloatti.AutoTweaks.ColorName.99CC04,Verde lama,
Calloatti.AutoTweaks.ColorName.9A0200,Vermelho profundo,
Calloatti.AutoTweaks.ColorName.9A0EEA,Violeta,
Calloatti.AutoTweaks.ColorName.9A3001,Caramelo,
Calloatti.AutoTweaks.ColorName.9A6200,OURO bruto,
Calloatti.AutoTweaks.ColorName.9AAE07,Verde vômito,
Calloatti.AutoTweaks.ColorName.9ACD32,Amarelo-verde,
Calloatti.AutoTweaks.ColorName.9AF764,Verde grama claro,
Calloatti.AutoTweaks.ColorName.9B5FC0,Ametista,
Calloatti.AutoTweaks.ColorName.9B7653,Lama,
Calloatti.AutoTweaks.ColorName.9B7A01,Castanho amarelado,
Calloatti.AutoTweaks.ColorName.9B8F55,Queche escuro? → Cinza escuro,
Calloatti.AutoTweaks.ColorName.9BB53C,Sebo,
Calloatti.AutoTweaks.ColorName.9BE5AA,Verde hospitalar,
Calloatti.AutoTweaks.ColorName.9C2542,Rubí mergulho,
Calloatti.AutoTweaks.ColorName.9C51B6,Roxo ameixa,
Calloatti.AutoTweaks.ColorName.9C6D57,Castanhoso,
Calloatti.AutoTweaks.ColorName.9C6DA5,Lilás escuro,
Calloatti.AutoTweaks.ColorName.9C7C38,Raios do sol metálico,
Calloatti.AutoTweaks.ColorName.9CBB04,Oliva brilhante,
Calloatti.AutoTweaks.ColorName.9CEF43,Kiwi,
Calloatti.AutoTweaks.ColorName.9D0216,Carmim,
Calloatti.AutoTweaks.ColorName.9D0759,Fúcsia escuro,
Calloatti.AutoTweaks.ColorName.9D5783,Amora clara,
Calloatti.AutoTweaks.ColorName.9D7651,Mocha,
Calloatti.AutoTweaks.ColorName.9DB92C,Verde doente,
Calloatti.AutoTweaks.ColorName.9DBCD4,Azul cinza claro,
Calloatti.AutoTweaks.ColorName.9DC100,Verde sebo,
Calloatti.AutoTweaks.ColorName.9DE093,Maçã Granny Smith,
Calloatti.AutoTweaks.ColorName.9DFF00,Verde amarelo brilhante,
Calloatti.AutoTweaks.ColorName.9E003A,Cranberry,
Calloatti.AutoTweaks.ColorName.9E0168,Violeta vermelha,
Calloatti.AutoTweaks.ColorName.9E3623,Vermelho castanhoso,
Calloatti.AutoTweaks.ColorName.9E43A2,Roxo médio,
Calloatti.AutoTweaks.ColorName.9E5B40,Sépia,
Calloatti.AutoTweaks.ColorName.9E5E6F,Poeira de rosa,
Calloatti.AutoTweaks.ColorName.9F2305,Vermelho queimado,
Calloatti.AutoTweaks.ColorName.9F8303,Diarreia,
Calloatti.AutoTweaks.ColorName.9FFEB0,Menta,
Calloatti.AutoTweaks.ColorName.A0025C,Magenta profundo,
Calloatti.AutoTweaks.ColorName.A00498,Roxo Barney,
Calloatti.AutoTweaks.ColorName.A03623,Tijolo,
Calloatti.AutoTweaks.ColorName.A0450E,Umber queimado,
Calloatti.AutoTweaks.ColorName.A0522D,Sépia,
Calloatti.AutoTweaks.ColorName.A0BF16,Verde bruto,
Calloatti.AutoTweaks.ColorName.A0E6FF,Bruxo inverno,
Calloatti.AutoTweaks.ColorName.A0FEBF,Espuma mar clara,
Calloatti.AutoTweaks.ColorName.A13905,Rustico,
Calloatti.AutoTweaks.ColorName.A17A74,Castanho polido,
Calloatti.AutoTweaks.ColorName.A24857,Borgonha claro,
Calloatti.AutoTweaks.ColorName.A2653E,Terra,
Calloatti.AutoTweaks.ColorName.A2A415,Vômito,
Calloatti.AutoTweaks.ColorName.A2BFFE,Azul pastel,
Calloatti.AutoTweaks.ColorName.A2CFFE,Azul bebê,
Calloatti.AutoTweaks.ColorName.A442A0,Roxo feio,
Calloatti.AutoTweaks.ColorName.A484AC,Ericêreo,
Calloatti.AutoTweaks.ColorName.A4BE5C,Verde azeite claro,
Calloatti.AutoTweaks.ColorName.A4BF20,Erve,
Calloatti.AutoTweaks.ColorName.A50055,Vermelho violeta,
Calloatti.AutoTweaks.ColorName.A50B5E,Geleia de frutas,
Calloatti.AutoTweaks.ColorName.A52A2A,Castanho,
Calloatti.AutoTweaks.ColorName.A552E6,Roxo claro-claro,
Calloatti.AutoTweaks.ColorName.A55353,Roxo vermelho central,
Calloatti.AutoTweaks.ColorName.A55AF4,Roxo mais claro,
Calloatti.AutoTweaks.ColorName.A57164,Bronze lançamento,
Calloatti.AutoTweaks.ColorName.A57E52,Roxo claro? → Púrpura,
Calloatti.AutoTweaks.ColorName.A5A391,Cimento,
Calloatti.AutoTweaks.ColorName.A5A502,Vômito,
Calloatti.AutoTweaks.ColorName.A5FBD5,Turquesa pálido,
Calloatti.AutoTweaks.ColorName.A63A79,Roxo vermelho máximo,
Calloatti.AutoTweaks.ColorName.A66FB5,Roxo suave,
Calloatti.AutoTweaks.ColorName.A6814C,Café,
Calloatti.AutoTweaks.ColorName.A6A6A6,Prata veloz,
Calloatti.AutoTweaks.ColorName.A6C875,Verde musgo claro,
Calloatti.AutoTweaks.ColorName.A6E7FF,Ar fresco,
Calloatti.AutoTweaks.ColorName.A6FBB2,Verde menta claro,
Calloatti.AutoTweaks.ColorName.A75E09,Umber bruto,
Calloatti.AutoTweaks.ColorName.A7F432,Lagarto verde,
Calloatti.AutoTweaks.ColorName.A7FFB5,Verde espuma mar claro,
Calloatti.AutoTweaks.ColorName.A83731,Castanho doce,
Calloatti.AutoTweaks.ColorName.A83C09,Ferrugem,
Calloatti.AutoTweaks.ColorName.A8415B,Borgonha clara,
Calloatti.AutoTweaks.ColorName.A87900,Bronze,
Calloatti.AutoTweaks.ColorName.A87DC2,Wisteria,
Calloatti.AutoTweaks.ColorName.A88905,Mostarda escura,
Calloatti.AutoTweaks.ColorName.A88F59,Areia escura,
Calloatti.AutoTweaks.ColorName.A8A495,Cinzento,
Calloatti.AutoTweaks.ColorName.A8B504,Verde mostarda,
Calloatti.AutoTweaks.ColorName.A8FF04,Limão elétrico,
Calloatti.AutoTweaks.ColorName.A90308,Vermelho escurinho,
Calloatti.AutoTweaks.ColorName.A9561E,Sépia,
Calloatti.AutoTweaks.ColorName.A9A9A9,Cinza escuro,
Calloatti.AutoTweaks.ColorName.A9B2C3,Azul cadete,
Calloatti.AutoTweaks.ColorName.A9BE70,Verde tom,
Calloatti.AutoTweaks.ColorName.A9F971,Verde primavera,
Calloatti.AutoTweaks.ColorName.AA23FF,Roxo elétrico,
Calloatti.AutoTweaks.ColorName.AA2704,Vermelho ferrugem,
Calloatti.AutoTweaks.ColorName.AA4069,Rubi,
Calloatti.AutoTweaks.ColorName.AAA662,Queche? → Caqui,
Calloatti.AutoTweaks.ColorName.AAF0D1,Verde menta mágico,
Calloatti.AutoTweaks.ColorName.AAFF32,Limão,
Calloatti.AutoTweaks.ColorName.AB1239,Blush? → Rubor,
Calloatti.AutoTweaks.ColorName.AB7E4C,Castanho tom,
Calloatti.AutoTweaks.ColorName.AB9004,Coco de bebê? → Merda de bebê,
Calloatti.AutoTweaks.ColorName.AB92B3,Uva brilhante,
Calloatti.AutoTweaks.ColorName.ABAD48,Peridoto,
Calloatti.AutoTweaks.ColorName.ABFF00,Creme,
Calloatti.AutoTweaks.ColorName.AC1DB8,Barney,
Calloatti.AutoTweaks.ColorName.AC4F06,Canela,
Calloatti.AutoTweaks.ColorName.AC7434,Couro,
Calloatti.AutoTweaks.ColorName.AC7E04,Castanho mostarda,
Calloatti.AutoTweaks.ColorName.AC86A8,Lavanda polvorenta,
Calloatti.AutoTweaks.ColorName.AC9362,Bege escuro,
Calloatti.AutoTweaks.ColorName.ACACE6,Roxo azul máximo,
Calloatti.AutoTweaks.ColorName.ACBB0D,Sebo,
Calloatti.AutoTweaks.ColorName.ACBF60,Amarelo verde central,
Calloatti.AutoTweaks.ColorName.ACBF69,Oliva clara,
Calloatti.AutoTweaks.ColorName.ACC2D9,Azul nublado,
Calloatti.AutoTweaks.ColorName.ACFFFC,Ciano claro,
Calloatti.AutoTweaks.ColorName.AD03DE,Roxo vibrante,
Calloatti.AutoTweaks.ColorName.AD0AFD,Violeta brilhante,
Calloatti.AutoTweaks.ColorName.AD4379,Castanho místico,
Calloatti.AutoTweaks.ColorName.AD6F69,Moeda de cobre,
Calloatti.AutoTweaks.ColorName.AD8150,Castanho claro,
Calloatti.AutoTweaks.ColorName.AD900D,Marrom cocar bebê,
Calloatti.AutoTweaks.ColorName.ADA587,Pedra,
Calloatti.AutoTweaks.ColorName.ADD8E6,Azul claro,
Calloatti.AutoTweaks.ColorName.ADF802,Verde limão,
Calloatti.AutoTweaks.ColorName.ADFF2F,Verde-amarelo,
Calloatti.AutoTweaks.ColorName.AE7181,Roxo claro,
Calloatti.AutoTweaks.ColorName.AE8B0C,Castanho amarelado,
Calloatti.AutoTweaks.ColorName.AE98AA,Lilás brilhante,
Calloatti.AutoTweaks.ColorName.AEFD6C,Limão claro,
Calloatti.AutoTweaks.ColorName.AEFF6E,Limão chave,
Calloatti.AutoTweaks.ColorName.AF2F0D,Vermelho enferrujado,
Calloatti.AutoTweaks.ColorName.AF593E,Loja de pets (castanho),
Calloatti.AutoTweaks.ColorName.AF6E4D,Açúcar mascavo,
Calloatti.AutoTweaks.ColorName.AF6F09,Caramelo,
Calloatti.AutoTweaks.ColorName.AF884A,Bege escuro? → Tom escuro,
Calloatti.AutoTweaks.ColorName.AFA88B,Monótono,
Calloatti.AutoTweaks.ColorName.AFE313,Minhoca polegada,
Calloatti.AutoTweaks.ColorName.AFEEEE,Turquesa pálido,
Calloatti.AutoTweaks.ColorName.B00149,Raspberry,
Calloatti.AutoTweaks.ColorName.B0054B,Vermelho roxo-claro,
Calloatti.AutoTweaks.ColorName.B04E0F,Tijolo queimado,
Calloatti.AutoTweaks.ColorName.B05C52,Clube gigante,
Calloatti.AutoTweaks.ColorName.B07080,Rosa pérola,
Calloatti.AutoTweaks.ColorName.B0C4DE,Azul aço claro,
Calloatti.AutoTweaks.ColorName.B0DD16,Verde amarelado,
Calloatti.AutoTweaks.ColorName.B0E0E6,Azul em pó,
Calloatti.AutoTweaks.ColorName.B0FF9D,Verde pastel,
Calloatti.AutoTweaks.ColorName.B16002,Castanho laranja,
Calloatti.AutoTweaks.ColorName.B17261,Castanho rosa,
Calloatti.AutoTweaks.ColorName.B1916E,Castanho pálido,
Calloatti.AutoTweaks.ColorName.B1D1FC,Azul em pó,
Calloatti.AutoTweaks.ColorName.B1D27B,Verde azeite pálido,
Calloatti.AutoTweaks.ColorName.B1FC99,Verde claro pálido,
Calloatti.AutoTweaks.ColorName.B1FF65,Verde limão pálido,
Calloatti.AutoTweaks.ColorName.B22222,Tijolo incendiário,
Calloatti.AutoTweaks.ColorName.B25F03,Castanho laranja,
Calloatti.AutoTweaks.ColorName.B26400,Umber,
Calloatti.AutoTweaks.ColorName.B2713D,Castanho barro,
Calloatti.AutoTweaks.ColorName.B27A01,Dourado castanho,
Calloatti.AutoTweaks.ColorName.B29705,Amarelo castanho,
Calloatti.AutoTweaks.ColorName.B2996E,Poeira,
Calloatti.AutoTweaks.ColorName.B2F302,Limão,
Calloatti.AutoTweaks.ColorName.B2FBA5,Verde pastel claro,
Calloatti.AutoTweaks.ColorName.B33B24,Vermelho veniceiro escuro,
Calloatti.AutoTweaks.ColorName.B36FF6,Roxo azul claro,
Calloatti.AutoTweaks.ColorName.B5485D,Rosa escuro,
Calloatti.AutoTweaks.ColorName.B56917,Olho de tigre,
Calloatti.AutoTweaks.ColorName.B59410,Ouro escuro,
Calloatti.AutoTweaks.ColorName.B5B35C,Verde azeite,
Calloatti.AutoTweaks.ColorName.B5C306,Bile,
Calloatti.AutoTweaks.ColorName.B5CE08,Verde/Amarelo,
Calloatti.AutoTweaks.ColorName.B66325,Cobre,
Calloatti.AutoTweaks.ColorName.B66A50,Barro,
Calloatti.AutoTweaks.ColorName.B6C406,Verde vômito bebê,
Calloatti.AutoTweaks.ColorName.B6FFBB,Verde menta claro,
Calloatti.AutoTweaks.ColorName.B75203,Borgonha queimado,
Calloatti.AutoTweaks.ColorName.B768A2,Roxo perlado,
Calloatti.AutoTweaks.ColorName.B790D4,Roxo pálido,
Calloatti.AutoTweaks.ColorName.B79400,Castanho amarelo,
Calloatti.AutoTweaks.ColorName.B7C9E2,Cinza azul claro,
Calloatti.AutoTweaks.ColorName.B7E1A1,Verde cinza claro,
Calloatti.AutoTweaks.ColorName.B7FFFA,Ciano pálido,
Calloatti.AutoTweaks.ColorName.B8860B,Dourado escuro,
Calloatti.AutoTweaks.ColorName.B8FFEB,Água pálida,
Calloatti.AutoTweaks.ColorName.B9484E,Vermelho polvorenta,
Calloatti.AutoTweaks.ColorName.B94E48,Vermelho indiano,
Calloatti.AutoTweaks.ColorName.B96902,Laranja castanho,
Calloatti.AutoTweaks.ColorName.B9A281,Tauque,
Calloatti.AutoTweaks.ColorName.B9CC81,Oliva pálida,
Calloatti.AutoTweaks.ColorName.B9FF66,Verde limão claro,
Calloatti.AutoTweaks.ColorName.BA55D3,Orquídea média,
Calloatti.AutoTweaks.ColorName.BA6873,Rosa crepuscular,
Calloatti.AutoTweaks.ColorName.BA9E88,Cogumelo,
Calloatti.AutoTweaks.ColorName.BB3385,Vermelho-violeta,
Calloatti.AutoTweaks.ColorName.BB3F3F,Vermelho apagado,
Calloatti.AutoTweaks.ColorName.BBB477,Ervaxia? → Erva borrifada,
Calloatti.AutoTweaks.ColorName.BBF90F,Amarelo-verde,
Calloatti.AutoTweaks.ColorName.BC13FE,Roxo neônio,
Calloatti.AutoTweaks.ColorName.BC8F8F,Cinza rosado,
Calloatti.AutoTweaks.ColorName.BCCB7A,Bege com verde,
Calloatti.AutoTweaks.ColorName.BCECAC,Salvia clara,
Calloatti.AutoTweaks.ColorName.BCF5A6,Verde lavado,
Calloatti.AutoTweaks.ColorName.BD559C,Quartzo rosa,
Calloatti.AutoTweaks.ColorName.BD6C48,Adobe,
Calloatti.AutoTweaks.ColorName.BD8260,Chocolate,
Calloatti.AutoTweaks.ColorName.BDB76B,Cinza escuro,
Calloatti.AutoTweaks.ColorName.BDF6FE,Céu azul pálido,
Calloatti.AutoTweaks.ColorName.BDF8A3,Verde chá,
Calloatti.AutoTweaks.ColorName.BE0119,Escarlate,
Calloatti.AutoTweaks.ColorName.BE013C,Rosa vermelho,
Calloatti.AutoTweaks.ColorName.BE03FD,Roxo brilhante,
Calloatti.AutoTweaks.ColorName.BE6400,Castanho laranja,
Calloatti.AutoTweaks.ColorName.BEAE8A,Pasta,
Calloatti.AutoTweaks.ColorName.BEE64B,Verde cromo claro,
Calloatti.AutoTweaks.ColorName.BEFD73,Limão pálido,
Calloatti.AutoTweaks.ColorName.BEFDB7,Celadonte,
Calloatti.AutoTweaks.ColorName.BF4F51,Brilho amargor-doce,
Calloatti.AutoTweaks.ColorName.BF77F6,Roxo claro,
Calloatti.AutoTweaks.ColorName.BF8FCC,Lavanda (I),
Calloatti.AutoTweaks.ColorName.BF9005,Ocre,
Calloatti.AutoTweaks.ColorName.BF9B0C,Óxido? → Ocre,
Calloatti.AutoTweaks.ColorName.BFAC05,Amarelo lama,
Calloatti.AutoTweaks.ColorName.BFAFB2,Sombra preta,
Calloatti.AutoTweaks.ColorName.BFF128,Verde amarelado,
Calloatti.AutoTweaks.ColorName.BFFE28,Limão com limão,
Calloatti.AutoTweaks.ColorName.C0022F,Vermelho batom,
Calloatti.AutoTweaks.ColorName.C04E01,Laranja queimado,
Calloatti.AutoTweaks.ColorName.C071FE,Roxo páscoa,
Calloatti.AutoTweaks.ColorName.C0737A,Rosa polvorenta,
Calloatti.AutoTweaks.ColorName.C0C0C0,Prata,
Calloatti.AutoTweaks.ColorName.C0FA8B,Pistácio,
Calloatti.AutoTweaks.ColorName.C0FB2D,Verde amarelo,
Calloatti.AutoTweaks.ColorName.C14A09,Laranja tijolo,
Calloatti.AutoTweaks.ColorName.C154C1,Fúcsia,
Calloatti.AutoTweaks.ColorName.C1C6FC,Periquita clara,
Calloatti.AutoTweaks.ColorName.C1F80A,Creme,
Calloatti.AutoTweaks.ColorName.C1FD95,Aipo,
Calloatti.AutoTweaks.ColorName.C20078,Magenta,
Calloatti.AutoTweaks.ColorName.C27E79,Rosa castanhoso,
Calloatti.AutoTweaks.ColorName.C292A1,Roxo claro,
Calloatti.AutoTweaks.ColorName.C2B709,Amarelo azeite,
Calloatti.AutoTweaks.ColorName.C2BE0E,Amarelo vômito,
Calloatti.AutoTweaks.ColorName.C2FF89,Verde amarelado claro,
Calloatti.AutoTweaks.ColorName.C32148,Castanho escuro,
Calloatti.AutoTweaks.ColorName.C3909B,Rosa cinza,
Calloatti.AutoTweaks.ColorName.C39953,Ouro asteca,
Calloatti.AutoTweaks.ColorName.C3CDE6,Periquita? → Capacho,
Calloatti.AutoTweaks.ColorName.C3FBF4,Azul ovo de pato,
Calloatti.AutoTweaks.ColorName.C44240,Vermelho-claro,
Calloatti.AutoTweaks.ColorName.C45508,Laranja ferrugem,
Calloatti.AutoTweaks.ColorName.C46210,Laranja liga,
Calloatti.AutoTweaks.ColorName.C48EFD,Lilás,
Calloatti.AutoTweaks.ColorName.C4A661,Castanho areia,
Calloatti.AutoTweaks.ColorName.C4FE82,Verde ervilha claro,
Calloatti.AutoTweaks.ColorName.C4FFF7,Azul casca de ovo,
Calloatti.AutoTweaks.ColorName.C53151,Caverna lúgubre,
Calloatti.AutoTweaks.ColorName.C5C9C7,Prata,
Calloatti.AutoTweaks.ColorName.C5E17A,Verde-amarelo,
Calloatti.AutoTweaks.ColorName.C62D42,Lomito (vermelho tijolo),
Calloatti.AutoTweaks.ColorName.C65102,Laranja escuro,
Calloatti.AutoTweaks.ColorName.C69C04,Ocre,
Calloatti.AutoTweaks.ColorName.C69F59,Camelo,
Calloatti.AutoTweaks.ColorName.C6F808,Amarelo verde-claro,
Calloatti.AutoTweaks.ColorName.C6FCFF,Céu azul claro,
Calloatti.AutoTweaks.ColorName.C71585,Violeta vermelho médio,
Calloatti.AutoTweaks.ColorName.C74767,Rosa profundo,
Calloatti.AutoTweaks.ColorName.C760FF,Lavanda brilhante,
Calloatti.AutoTweaks.ColorName.C77986,Rosa antigo,
Calloatti.AutoTweaks.ColorName.C79FEF,Lavanda,
Calloatti.AutoTweaks.ColorName.C7AC7D,Cabelo,
Calloatti.AutoTweaks.ColorName.C7C10C,Amarelo vômito,
Calloatti.AutoTweaks.ColorName.C7FDB5,Verde pálido,
Calloatti.AutoTweaks.ColorName.C83CB9,Rosa roxo-claro,
Calloatti.AutoTweaks.ColorName.C8509B,Mulberry? → Amora-preta,
Calloatti.AutoTweaks.ColorName.C85A53,Salmão escuro,
Calloatti.AutoTweaks.ColorName.C875C4,Orquídea,
Calloatti.AutoTweaks.ColorName.C87606,Laranja sujo,
Calloatti.AutoTweaks.ColorName.C87F89,Rosa antiga,
Calloatti.AutoTweaks.ColorName.C88A65,Latão antigo,
Calloatti.AutoTweaks.ColorName.C88D94,Rosa cinza-claro,
Calloatti.AutoTweaks.ColorName.C8ACA9,Cinza rosa,
Calloatti.AutoTweaks.ColorName.C8C8CD,Azul-cinza,
Calloatti.AutoTweaks.ColorName.C8FD3D,Amarelo/verde,
Calloatti.AutoTweaks.ColorName.C8FFB0,Verde claro claro,
Calloatti.AutoTweaks.ColorName.C94CBE,Roxo rosinha,
Calloatti.AutoTweaks.ColorName.C95A49,Arca de cedro,
Calloatti.AutoTweaks.ColorName.C95EFB,Lilás brilhante,
Calloatti.AutoTweaks.ColorName.C9643B,Terra-cotô,
Calloatti.AutoTweaks.ColorName.C9A0DC,Loja de flores (wisteria),
Calloatti.AutoTweaks.ColorName.C9AE74,Sandstone,
Calloatti.AutoTweaks.ColorName.C9B003,Amarelo castanhoso,
Calloatti.AutoTweaks.ColorName.C9C0BB,Prata,
Calloatti.AutoTweaks.ColorName.C9D179,Bege verde,
Calloatti.AutoTweaks.ColorName.C9FF27,Verde amarelo,
Calloatti.AutoTweaks.ColorName.CA0147,Rubi,
Calloatti.AutoTweaks.ColorName.CA3435,Jatobá? → Carvalho escuro,
Calloatti.AutoTweaks.ColorName.CA6641,Terracotim,
Calloatti.AutoTweaks.ColorName.CA6B02,Laranja castanho,
Calloatti.AutoTweaks.ColorName.CA7B80,Rosa sujo,
Calloatti.AutoTweaks.ColorName.CA9BF7,Roxo bebê,
Calloatti.AutoTweaks.ColorName.CAA0FF,Roxo pastel,
Calloatti.AutoTweaks.ColorName.CAFFFB,Azul claro claro,
Calloatti.AutoTweaks.ColorName.CB00F5,Roxo quente,
Calloatti.AutoTweaks.ColorName.CB0162,Rosa profundo,
Calloatti.AutoTweaks.ColorName.CB416B,Rosa escuro,
Calloatti.AutoTweaks.ColorName.CB6843,Terracota,
Calloatti.AutoTweaks.ColorName.CB7723,Laranja castanhoso,
Calloatti.AutoTweaks.ColorName.CB9D06,Óxido amarelo,
Calloatti.AutoTweaks.ColorName.CBA560,Castanho areia,
Calloatti.AutoTweaks.ColorName.CBF85F,Pera,
Calloatti.AutoTweaks.ColorName.CC3200,Laranja,
Calloatti.AutoTweaks.ColorName.CC3336,Terra de caramelo,
Calloatti.AutoTweaks.ColorName.CC474B,Vermelho inglês,
Calloatti.AutoTweaks.ColorName.CC553D,Vermelho veniceiro,
Calloatti.AutoTweaks.ColorName.CC7A8B,Rosa crepuscular,
Calloatti.AutoTweaks.ColorName.CCAD60,Deserto,
Calloatti.AutoTweaks.ColorName.CCFD7F,Verde amarelo claro,
Calloatti.AutoTweaks.ColorName.CCFF00,Limão elétrico,
Calloatti.AutoTweaks.ColorName.CD5909,Laranja enferrujado,
Calloatti.AutoTweaks.ColorName.CD5C5C,Vermelho indiano,
Calloatti.AutoTweaks.ColorName.CD607E,Canela sedoso,
Calloatti.AutoTweaks.ColorName.CD7584,Rosa feio,
Calloatti.AutoTweaks.ColorName.CD853F,Peru,
Calloatti.AutoTweaks.ColorName.CDC50A,Amarelo sujo,
Calloatti.AutoTweaks.ColorName.CDFD02,Amarelo com verde,
Calloatti.AutoTweaks.ColorName.CE5DAE,Rosa roxo-claro,
Calloatti.AutoTweaks.ColorName.CEA2FD,Lilás,
Calloatti.AutoTweaks.ColorName.CEAEFA,Violeta pálido,
Calloatti.AutoTweaks.ColorName.CEB301,Mostarda,
Calloatti.AutoTweaks.ColorName.CEC8EF,Sabão,
Calloatti.AutoTweaks.ColorName.CF0234,Cereja,
Calloatti.AutoTweaks.ColorName.CF524E,Coral escuro,
Calloatti.AutoTweaks.ColorName.CF6275,Rosa,
Calloatti.AutoTweaks.ColorName.CFAF7B,Cervo? → Bicheiro,
Calloatti.AutoTweaks.ColorName.CFFDBC,Verde muito pálido,
Calloatti.AutoTweaks.ColorName.CFFF04,Amarelo neônio,
Calloatti.AutoTweaks.ColorName.D05340,Jaspe,
Calloatti.AutoTweaks.ColorName.D0C101,Amarelo feio,
Calloatti.AutoTweaks.ColorName.D0E429,Amarelo doente,
Calloatti.AutoTweaks.ColorName.D0FE1D,Amarelo limão,
Calloatti.AutoTweaks.ColorName.D0FEFE,Azul pálido,
Calloatti.AutoTweaks.ColorName.D100FF,Roxo elétrico,
Calloatti.AutoTweaks.ColorName.D1768F,Rosa tenro,
Calloatti.AutoTweaks.ColorName.D1B26F,Tom,
Calloatti.AutoTweaks.ColorName.D1FFBD,Verde muito claro,
Calloatti.AutoTweaks.ColorName.D2691E,Chocolate,
Calloatti.AutoTweaks.ColorName.D27D46,OURO bruto,
Calloatti.AutoTweaks.ColorName.D2B48C,Tom,
Calloatti.AutoTweaks.ColorName.D2BD0A,Amarelo mostarda,
Calloatti.AutoTweaks.ColorName.D3494E,Vermelho desbotado,
Calloatti.AutoTweaks.ColorName.D3B683,Castanho muito claro,
Calloatti.AutoTweaks.ColorName.D3D3D3,Cinza claro,
Calloatti.AutoTweaks.ColorName.D46A7E,Rosa-claro,
Calloatti.AutoTweaks.ColorName.D4FFFF,Azul muito claro,
Calloatti.AutoTweaks.ColorName.D5174E,Batom,
Calloatti.AutoTweaks.ColorName.D5869D,Rosa apagado,
Calloatti.AutoTweaks.ColorName.D58A94,Rosa polvorenta,
Calloatti.AutoTweaks.ColorName.D5AB09,Amarelo queimado,
Calloatti.AutoTweaks.ColorName.D5B60A,Amarelo escuro,
Calloatti.AutoTweaks.ColorName.D5FFFF,Azul muito claro,
Calloatti.AutoTweaks.ColorName.D648D7,Roxo rosa,
Calloatti.AutoTweaks.ColorName.D6AEDD,Roxo montanhas,
Calloatti.AutoTweaks.ColorName.D6B4FC,Violeta claro,
Calloatti.AutoTweaks.ColorName.D6FFFA,Gelo,
Calloatti.AutoTweaks.ColorName.D6FFFE,Azul muito pálido,
Calloatti.AutoTweaks.ColorName.D725DE,Roxo/Rosa,
Calloatti.AutoTweaks.ColorName.D767AD,Magenta pálido,
Calloatti.AutoTweaks.ColorName.D7FFFE,Azul gelo,
Calloatti.AutoTweaks.ColorName.D8863B,Laranja apagado,
Calloatti.AutoTweaks.ColorName.D8BFD8,Casto? → Cardo,
Calloatti.AutoTweaks.ColorName.D8DCD6,Cinza claro,
Calloatti.AutoTweaks.ColorName.D90166,Rosa quente escuro,
Calloatti.AutoTweaks.ColorName.D92121,Vermelho máximo,
Calloatti.AutoTweaks.ColorName.D94FF5,Helióptero? → Heliótrofo,
Calloatti.AutoTweaks.ColorName.D9544D,Vermelho pálido,
Calloatti.AutoTweaks.ColorName.D96CBE,Rosa médio,
Calloatti.AutoTweaks.ColorName.D97D20,Padrão,
Calloatti.AutoTweaks.ColorName.D982B5,Roxo central,
Calloatti.AutoTweaks.ColorName.D98695,Rosa brilhante,
Calloatti.AutoTweaks.ColorName.D99A6C,Tom,
Calloatti.AutoTweaks.ColorName.D99B82,Bege rosa,
Calloatti.AutoTweaks.ColorName.D9D6CF,Lobo,
Calloatti.AutoTweaks.ColorName.D9E650,Amarelo verde máximo,
Calloatti.AutoTweaks.ColorName.DA2647,Cereja,
Calloatti.AutoTweaks.ColorName.DA2C43,Vermelho enferrujado,
Calloatti.AutoTweaks.ColorName.DA3287,Cereja,
Calloatti.AutoTweaks.ColorName.DA467D,Rosa escurinho,
Calloatti.AutoTweaks.ColorName.DA614E,Bean gelatina? → Geleia,
Calloatti.AutoTweaks.ColorName.DA70D6,Orquídea,
Calloatti.AutoTweaks.ColorName.DA8A67,Cobre,
Calloatti.AutoTweaks.ColorName.DAA520,Dourado,
Calloatti.AutoTweaks.ColorName.DB4BDA,Roxo rosa,
Calloatti.AutoTweaks.ColorName.DB5079,Rosa desbotado? → Rubor,
Calloatti.AutoTweaks.ColorName.DB5856,Vermelho pastel,
Calloatti.AutoTweaks.ColorName.DB7093,Violeta vermelho pálido,
Calloatti.AutoTweaks.ColorName.DB91EF,Lilás,
Calloatti.AutoTweaks.ColorName.DBB40C,OURO,
Calloatti.AutoTweaks.ColorName.DC143C,Carmesim,
Calloatti.AutoTweaks.ColorName.DC4D01,Laranja profundo,
Calloatti.AutoTweaks.ColorName.DCDCDC,Gainsboro,
Calloatti.AutoTweaks.ColorName.DD85D7,Rosa lavanda,
Calloatti.AutoTweaks.ColorName.DDA0DD,Ameixa,
Calloatti.AutoTweaks.ColorName.DDD618,Amarelo urina,
Calloatti.AutoTweaks.ColorName.DDE26A,Limpador de sebo,
Calloatti.AutoTweaks.ColorName.DE0C62,Cereja,
Calloatti.AutoTweaks.ColorName.DE7E5D,Pêssego escuro,
Calloatti.AutoTweaks.ColorName.DE9DAC,Rosa desbotado,
Calloatti.AutoTweaks.ColorName.DEA681,Castanhol? → Carneiro,
Calloatti.AutoTweaks.ColorName.DEB887,Madeira de carvalho,
Calloatti.AutoTweaks.ColorName.DF4EC8,Rosa roxo-claro,
Calloatti.AutoTweaks.ColorName.DFC5FE,Lavanda clara,
Calloatti.AutoTweaks.ColorName.E03FD8,Roxo rosa,
Calloatti.AutoTweaks.ColorName.E0FFFF,Ciano claro,
Calloatti.AutoTweaks.ColorName.E12C2C,Lago permanente,
Calloatti.AutoTweaks.ColorName.E17701,Abóbora,
Calloatti.AutoTweaks.ColorName.E29CD2,Orquídea,
Calloatti.AutoTweaks.ColorName.E2CA76,Areia,
Calloatti.AutoTweaks.ColorName.E30B5C,Razzmatazz,
Calloatti.AutoTweaks.ColorName.E4CBFF,Lilás pálido,
Calloatti.AutoTweaks.ColorName.E50000,Vermelho,
Calloatti.AutoTweaks.ColorName.E58E73,Vermelho central,
Calloatti.AutoTweaks.ColorName.E60000,Vermelho,
Calloatti.AutoTweaks.ColorName.E62E6B,Carmim,
Calloatti.AutoTweaks.ColorName.E667CE,Rosa brilhante,
Calloatti.AutoTweaks.ColorName.E6735C,Vermelho veniceiro claro,
Calloatti.AutoTweaks.ColorName.E6BC5C,OURO bruto (I),
Calloatti.AutoTweaks.ColorName.E6BE8A,OURO (II),
Calloatti.AutoTweaks.ColorName.E6DAA6,Bege,
Calloatti.AutoTweaks.ColorName.E6E6FA,Lavanda,
Calloatti.AutoTweaks.ColorName.E6F2A2,Caqui claro,
Calloatti.AutoTweaks.ColorName.E77200,Manga tango,
Calloatti.AutoTweaks.ColorName.E78EA5,Rosa suíno,
Calloatti.AutoTweaks.ColorName.E88E5A,Pés de Bigfoot,
Calloatti.AutoTweaks.ColorName.E936A7,Gelo,
Calloatti.AutoTweaks.ColorName.E97451,Luvas de beisebol (sépia queimada),
Calloatti.AutoTweaks.ColorName.E9967A,Salmão escuro,
Calloatti.AutoTweaks.ColorName.EB73FF,Lavanda,
Calloatti.AutoTweaks.ColorName.EBB0D7,Casto? → Cardo,
Calloatti.AutoTweaks.ColorName.EC2D01,Vermelho tomate,
Calloatti.AutoTweaks.ColorName.ECB176,Amarelo vermelho central,
Calloatti.AutoTweaks.ColorName.ECEBBD,Verde primavera,
Calloatti.AutoTweaks.ColorName.ED0A3F,Cheire as rosas (vermelho),
Calloatti.AutoTweaks.ColorName.ED0DD9,Fúcsia,
Calloatti.AutoTweaks.ColorName.EDC8FF,Lilás claro,
Calloatti.AutoTweaks.ColorName.EDC9AF,Areia do deserto,
Calloatti.AutoTweaks.ColorName.EE34D2,Rosa razzle-dazzle,
Calloatti.AutoTweaks.ColorName.EE82EE,Violeta,
Calloatti.AutoTweaks.ColorName.EECFFE,Lavanda pálida,
Calloatti.AutoTweaks.ColorName.EED9C4,Amêndoa,
Calloatti.AutoTweaks.ColorName.EEDC5B,Amarelo apagado,
Calloatti.AutoTweaks.ColorName.EEE8AA,Dourado pálido amarelo,
Calloatti.AutoTweaks.ColorName.EF1DE7,Rosa/roxo,
Calloatti.AutoTweaks.ColorName.EF4026,Tomate,
Calloatti.AutoTweaks.ColorName.EFB435,Macarrão com queijo,
Calloatti.AutoTweaks.ColorName.EFC0FE,Lavanda clara,
Calloatti.AutoTweaks.ColorName.F075E6,Rosa roxo-claro,
Calloatti.AutoTweaks.ColorName.F08080,Coral claro,
Calloatti.AutoTweaks.ColorName.F0833A,Laranja polvorenta,
Calloatti.AutoTweaks.ColorName.F091A9,Maravilhoso,
Calloatti.AutoTweaks.ColorName.F0944D,Laranja desbotado,
Calloatti.AutoTweaks.ColorName.F0E68C,Queche? → Caqui,
Calloatti.AutoTweaks.ColorName.F0F8FF,Alice Blue,
Calloatti.AutoTweaks.ColorName.F0FFF0,Abelha-doce,
Calloatti.AutoTweaks.ColorName.F0FFFF,Azul claro,
Calloatti.AutoTweaks.ColorName.F10C45,Vermelho rosa,
Calloatti.AutoTweaks.ColorName.F1DA7A,Areia,
Calloatti.AutoTweaks.ColorName.F1E788,Verde-amarelo,
Calloatti.AutoTweaks.ColorName.F1F33F,Amarelo desbotado,
Calloatti.AutoTweaks.ColorName.F29E8E,Rosa desbotado? → Rubor,
Calloatti.AutoTweaks.ColorName.F2AB15,Squash,
Calloatti.AutoTweaks.ColorName.F2BA49,Amarelo vermelho máximo,
Calloatti.AutoTweaks.ColorName.F2C649,Milho,
Calloatti.AutoTweaks.ColorName.F36196,Rosa médio,
Calloatti.AutoTweaks.ColorName.F4320C,Vermelho brilhante,
Calloatti.AutoTweaks.ColorName.F43605,Vermelho laranja,
Calloatti.AutoTweaks.ColorName.F4A460,Castanho areia,
Calloatti.AutoTweaks.ColorName.F4D054,Milho,
Calloatti.AutoTweaks.ColorName.F504C9,Magenta quente,
Calloatti.AutoTweaks.ColorName.F5054F,Rosa vermelho,
Calloatti.AutoTweaks.ColorName.F5BF03,Dourado,
Calloatti.AutoTweaks.ColorName.F5DEB3,Trigo,
Calloatti.AutoTweaks.ColorName.F5F5DC,Bege,
Calloatti.AutoTweaks.ColorName.F5F5F5,Fumaça branca,
Calloatti.AutoTweaks.ColorName.F5FFFA,Menta creme,
Calloatti.AutoTweaks.ColorName.F653A6,Magenta,
Calloatti.AutoTweaks.ColorName.F6688E,Rosa rosado,
Calloatti.AutoTweaks.ColorName.F6CEFC,Roxo claro muito,
Calloatti.AutoTweaks.ColorName.F7022A,Vermelho cereja,
Calloatti.AutoTweaks.ColorName.F7468A,Violeta-vermelho,
Calloatti.AutoTweaks.ColorName.F7879A,Rosa,
Calloatti.AutoTweaks.ColorName.F7A38E,Ice cream? → Sorvete rosa,
Calloatti.AutoTweaks.ColorName.F7D560,Mostarda clara,
Calloatti.AutoTweaks.ColorName.F8481C,Laranja vermelho,
Calloatti.AutoTweaks.ColorName.F8D568,Amarelo-laranja,
Calloatti.AutoTweaks.ColorName.F8F8FF,Branco fantasma,
Calloatti.AutoTweaks.ColorName.F97306,Laranja,
Calloatti.AutoTweaks.ColorName.F9BC08,Vara dourada,
Calloatti.AutoTweaks.ColorName.FA2A55,Rosa vermelho,
Calloatti.AutoTweaks.ColorName.FA4224,Vermelho laranja,
Calloatti.AutoTweaks.ColorName.FA5B3D,Refrigerante de laranja,
Calloatti.AutoTweaks.ColorName.FA5FF7,Magenta claro,
Calloatti.AutoTweaks.ColorName.FA8072,Salmão,
Calloatti.AutoTweaks.ColorName.FAC205,Dourado,
Calloatti.AutoTweaks.ColorName.FAEBD7,Antique White,
Calloatti.AutoTweaks.ColorName.FAEE66,Amarelado,
Calloatti.AutoTweaks.ColorName.FAF0E6,Lenho? → Linho,
Calloatti.AutoTweaks.ColorName.FAFA37,Amarelo máximo,
Calloatti.AutoTweaks.ColorName.FAFAD2,Amarelo dourado claro,
Calloatti.AutoTweaks.ColorName.FAFE4B,Amarelo banana,
Calloatti.AutoTweaks.ColorName.FB2943,Framed? → Morango,
Calloatti.AutoTweaks.ColorName.FB4D46,Laranja azedo,
Calloatti.AutoTweaks.ColorName.FB5581,Rosa morno,
Calloatti.AutoTweaks.ColorName.FB5FFC,Rosa violeta,
Calloatti.AutoTweaks.ColorName.FB7D07,Laranja abóbora,
Calloatti.AutoTweaks.ColorName.FBAED2,Lavanda (II),
Calloatti.AutoTweaks.ColorName.FBDD7E,Trigo,
Calloatti.AutoTweaks.ColorName.FBE7B2,Banana mania,
Calloatti.AutoTweaks.ColorName.FBE870,Dia ensolarado (amarelo),
Calloatti.AutoTweaks.ColorName.FBEEAC,Bege claro? → Tom claro,
Calloatti.AutoTweaks.ColorName.FC2647,Vermelho rosinha,
Calloatti.AutoTweaks.ColorName.FC5A50,Coral,
Calloatti.AutoTweaks.ColorName.FC5A8D,Framed? → Morango,
Calloatti.AutoTweaks.ColorName.FC74FD,Feniano rosa,
Calloatti.AutoTweaks.ColorName.FC80A5,Banho espumoso (faz rir rosa),
Calloatti.AutoTweaks.ColorName.FC824A,Laranja-claro,
Calloatti.AutoTweaks.ColorName.FC86AA,Rosinha,
Calloatti.AutoTweaks.ColorName.FCB001,Laranja amarelo,
Calloatti.AutoTweaks.ColorName.FCC006,Capacho? → Margarida,
Calloatti.AutoTweaks.ColorName.FCD667,Esverdeado (dourado),
Calloatti.AutoTweaks.ColorName.FCE166,Amarelo areia,
Calloatti.AutoTweaks.ColorName.FCF679,Palha,
Calloatti.AutoTweaks.ColorName.FCFC81,Bege amarelado,
Calloatti.AutoTweaks.ColorName.FD0E35,Escarlate,
Calloatti.AutoTweaks.ColorName.FD3A4A,Salsa vermelha,
Calloatti.AutoTweaks.ColorName.FD3C06,Laranja vermelho,
Calloatti.AutoTweaks.ColorName.FD411E,Vermelho laranja,
Calloatti.AutoTweaks.ColorName.FD4659,Melancia,
Calloatti.AutoTweaks.ColorName.FD5240,Cheiro de ogro,
Calloatti.AutoTweaks.ColorName.FD5956,Abacaxi? → Grapefruit,
Calloatti.AutoTweaks.ColorName.FD5B78,Melancia selvagem,
Calloatti.AutoTweaks.ColorName.FD798F,Carnation,
Calloatti.AutoTweaks.ColorName.FD8D49,Laranja-claro,
Calloatti.AutoTweaks.ColorName.FDAA48,Laranja clara,
Calloatti.AutoTweaks.ColorName.FDB0C0,Rosa suave,
Calloatti.AutoTweaks.ColorName.FDB147,Butterscotch,
Calloatti.AutoTweaks.ColorName.FDB915,Amarelo laranja,
Calloatti.AutoTweaks.ColorName.FDC1C5,Rosa pálida,
Calloatti.AutoTweaks.ColorName.FDD5B1,Pêssego,
Calloatti.AutoTweaks.ColorName.FDD7E4,Rosa suíno,
Calloatti.AutoTweaks.ColorName.FDDC5C,Ouro claro,
Calloatti.AutoTweaks.ColorName.FDDE6C,Ouro pálido,
Calloatti.AutoTweaks.ColorName.FDEE73,Amarelo areia,
Calloatti.AutoTweaks.ColorName.FDF5E6,Encaixe antigo,
Calloatti.AutoTweaks.ColorName.FDFDFE,Cinza pálido,
Calloatti.AutoTweaks.ColorName.FDFF00,Limão gelado,
Calloatti.AutoTweaks.ColorName.FDFF38,Amarelo limão,
Calloatti.AutoTweaks.ColorName.FDFF52,Limão,
Calloatti.AutoTweaks.ColorName.FDFF63,Canário,
Calloatti.AutoTweaks.ColorName.FE0002,Vermelho caminhão de bombeiros,
Calloatti.AutoTweaks.ColorName.FE019A,Rosa neônio,
Calloatti.AutoTweaks.ColorName.FE01B1,Rosa brilhante,
Calloatti.AutoTweaks.ColorName.FE02A2,Rosa chocante,
Calloatti.AutoTweaks.ColorName.FE2C54,Rosa vermelho,
Calloatti.AutoTweaks.ColorName.FE2F4A,Vermelho claro-claro,
Calloatti.AutoTweaks.ColorName.FE420F,Laranja-vermelho,
Calloatti.AutoTweaks.ColorName.FE46A5,Rosa Barbie,
Calloatti.AutoTweaks.ColorName.FE4B03,Laranja sangue,
Calloatti.AutoTweaks.ColorName.FE4C40,Laranja pôr do sol,
Calloatti.AutoTweaks.ColorName.FE6F5E,Amargor doce,
Calloatti.AutoTweaks.ColorName.FE7B7C,Rosa salmão,
Calloatti.AutoTweaks.ColorName.FE828C,Rosa rubor,
Calloatti.AutoTweaks.ColorName.FE83CC,Rosa goma,
Calloatti.AutoTweaks.ColorName.FE86A4,Rosa,
Calloatti.AutoTweaks.ColorName.FEA993,Salmão claro,
Calloatti.AutoTweaks.ColorName.FEB209,Açafrão,
Calloatti.AutoTweaks.ColorName.FEB308,Âmbar,
Calloatti.AutoTweaks.ColorName.FEBAAD,Melão,
Calloatti.AutoTweaks.ColorName.FEC615,Amarelo dourado,
Calloatti.AutoTweaks.ColorName.FED0FC,Roxo pálido,
Calloatti.AutoTweaks.ColorName.FED85D,Lavar o cachorro (dente de leão),
Calloatti.AutoTweaks.ColorName.FEDF08,Dente de leão,
Calloatti.AutoTweaks.ColorName.FEF69E,Bufante? → Proteção,
Calloatti.AutoTweaks.ColorName.FEFCAF,Parchment,
Calloatti.AutoTweaks.ColorName.FEFEFA,Pó de bebê,
Calloatti.AutoTweaks.ColorName.FEFEFE,Coco,
Calloatti.AutoTweaks.ColorName.FEFF7F,Amarelo desbotado,
Calloatti.AutoTweaks.ColorName.FEFFCA,Ecrus,
Calloatti.AutoTweaks.ColorName.FF0000,Vermelho,
Calloatti.AutoTweaks.ColorName.FF000D,Vermelho brilhante,
Calloatti.AutoTweaks.ColorName.FF007C,Céu inverno,
Calloatti.AutoTweaks.ColorName.FF00CC,Roxo pizzazz,
Calloatti.AutoTweaks.ColorName.FF00FF,Magenta,
Calloatti.AutoTweaks.ColorName.FF028D,Rosa quente,
Calloatti.AutoTweaks.ColorName.FF0490,Rosa elétrico,
Calloatti.AutoTweaks.ColorName.FF073A,Vermelho neônio,
Calloatti.AutoTweaks.ColorName.FF0789,Rosa forte,
Calloatti.AutoTweaks.ColorName.FF08E8,Magenta brilhante,
Calloatti.AutoTweaks.ColorName.FF0ABA,Rosa quente,
Calloatti.AutoTweaks.ColorName.FF1487,Rosa neônio,
Calloatti.AutoTweaks.ColorName.FF1493,Rosa profundo,
Calloatti.AutoTweaks.ColorName.FF2463,Raspberry,
Calloatti.AutoTweaks.ColorName.FF2ECC,Magenta,
Calloatti.AutoTweaks.ColorName.FF3399,Morango selvagem,
Calloatti.AutoTweaks.ColorName.FF355E,Vermelho radical,
Calloatti.AutoTweaks.ColorName.FF3855,Vermelho escaldante,
Calloatti.AutoTweaks.ColorName.FF404C,Ciclope queimado,
Calloatti.AutoTweaks.ColorName.FF4466,Poção mágica,
Calloatti.AutoTweaks.ColorName.FF4500,Laranja-vermelho,
Calloatti.AutoTweaks.ColorName.FF457D,Rosa,
Calloatti.AutoTweaks.ColorName.FF4681,Meias de sasquatch,
Calloatti.AutoTweaks.ColorName.FF474C,Vermelho claro,
Calloatti.AutoTweaks.ColorName.FF5050,Rosa,
Calloatti.AutoTweaks.ColorName.FF5349,Vermelho-laranja,
Calloatti.AutoTweaks.ColorName.FF5470,Rosa ígneo,
Calloatti.AutoTweaks.ColorName.FF5B00,Laranja brilhante,
Calloatti.AutoTweaks.ColorName.FF6037,Laranja escândalo,
Calloatti.AutoTweaks.ColorName.FF6163,Rosa coral,
Calloatti.AutoTweaks.ColorName.FF6347,Tomate,
Calloatti.AutoTweaks.ColorName.FF63E9,Rosa doce,
Calloatti.AutoTweaks.ColorName.FF681F,Vermelho-laranja,
Calloatti.AutoTweaks.ColorName.FF694F,Salmão,
Calloatti.AutoTweaks.ColorName.FF69AF,Rosa goma,
Calloatti.AutoTweaks.ColorName.FF69B4,Rosa quente,
Calloatti.AutoTweaks.ColorName.FF6CB5,Goma de mascar,
Calloatti.AutoTweaks.ColorName.FF6D3A,Abóbora esmagada,
Calloatti.AutoTweaks.ColorName.FF6EFF,Rosa chocante,
Calloatti.AutoTweaks.ColorName.FF6F52,Rosa laranja,
Calloatti.AutoTweaks.ColorName.FF724C,Laranja rosa,
Calloatti.AutoTweaks.ColorName.FF7855,Melão,
Calloatti.AutoTweaks.ColorName.FF796C,Salmão,
Calloatti.AutoTweaks.ColorName.FF7A00,Onda de calor,
Calloatti.AutoTweaks.ColorName.FF7F49,Laranja queimado,
Calloatti.AutoTweaks.ColorName.FF7F50,Coral,
Calloatti.AutoTweaks.ColorName.FF7FA7,Rosa carnation,
Calloatti.AutoTweaks.ColorName.FF81C0,Rosa,
Calloatti.AutoTweaks.ColorName.FF85CF,Perfume de princesa,
Calloatti.AutoTweaks.ColorName.FF878D,Tulipa,
Calloatti.AutoTweaks.ColorName.FF8833,Perfume da vovó (laranja),
Calloatti.AutoTweaks.ColorName.FF8866,Laranja,
Calloatti.AutoTweaks.ColorName.FF8C00,Laranja escuro,
Calloatti.AutoTweaks.ColorName.FF8C24,Coral,
Calloatti.AutoTweaks.ColorName.FF91A4,Salmão,
Calloatti.AutoTweaks.ColorName.FF9408,Tangerina,
Calloatti.AutoTweaks.ColorName.FF964F,Laranja pastel,
Calloatti.AutoTweaks.ColorName.FF9933,Cenoura neônio,
Calloatti.AutoTweaks.ColorName.FF9966,Tangerina atômica,
Calloatti.AutoTweaks.ColorName.FF9980,Tangerina vívida,
Calloatti.AutoTweaks.ColorName.FF9A8A,Rosa pêssego,
Calloatti.AutoTweaks.ColorName.FFA07A,Salmão claro,
Calloatti.AutoTweaks.ColorName.FFA500,Laranja,
Calloatti.AutoTweaks.ColorName.FFA62B,Manga,
Calloatti.AutoTweaks.ColorName.FFA6C9,Rosa carnation,
Calloatti.AutoTweaks.ColorName.FFA756,Laranja pálido,
Calloatti.AutoTweaks.ColorName.FFAA1D,Amarelo brilhante,
Calloatti.AutoTweaks.ColorName.FFAB0F,Laranja amarelado,
Calloatti.AutoTweaks.ColorName.FFAD01,Amarelo laranja,
Calloatti.AutoTweaks.ColorName.FFAE42,Amarelo-laranja,
Calloatti.AutoTweaks.ColorName.FFB07C,Passas? → Pêssego,
Calloatti.AutoTweaks.ColorName.FFB16D,Pêssego,
Calloatti.AutoTweaks.ColorName.FFB19A,Salmão pálido,
Calloatti.AutoTweaks.ColorName.FFB2D0,Rosa em pó,
Calloatti.AutoTweaks.ColorName.FFB6C1,Rosa claro,
Calloatti.AutoTweaks.ColorName.FFB7CE,Rosa bebê,
Calloatti.AutoTweaks.ColorName.FFB7D5,Algodão doce,
Calloatti.AutoTweaks.ColorName.FFB97B,Macarrão com queijo,
Calloatti.AutoTweaks.ColorName.FFBACD,Rosa pastel,
Calloatti.AutoTweaks.ColorName.FFC0CB,Rosa,
Calloatti.AutoTweaks.ColorName.FFC512,Girassol,
Calloatti.AutoTweaks.ColorName.FFC5CB,Rosa clara,
Calloatti.AutoTweaks.ColorName.FFCBA4,Poá de serra (pêssego),
Calloatti.AutoTweaks.ColorName.FFCC33,Brilho solar,
Calloatti.AutoTweaks.ColorName.FFCFDC,Rosa pálido,
Calloatti.AutoTweaks.ColorName.FFCFF1,Suave,
Calloatti.AutoTweaks.ColorName.FFD0B9,Passas? → Pêssego,
Calloatti.AutoTweaks.ColorName.FFD100,Dourado,
Calloatti.AutoTweaks.ColorName.FFD12A,Banana,
Calloatti.AutoTweaks.ColorName.FFD1DF,Rosa claro,
Calloatti.AutoTweaks.ColorName.FFD3F8,Goma de mascar,
Calloatti.AutoTweaks.ColorName.FFD700,OURO,
Calloatti.AutoTweaks.ColorName.FFD8B1,Pêssego claro,
Calloatti.AutoTweaks.ColorName.FFDA03,Amarelo girassol,
Calloatti.AutoTweaks.ColorName.FFDAB9,Creme de pêssego,
Calloatti.AutoTweaks.ColorName.FFDB00,Nascimento do sol escaldante,
Calloatti.AutoTweaks.ColorName.FFDEAD,Branco navajo,
Calloatti.AutoTweaks.ColorName.FFDF22,Amarelo sol,
Calloatti.AutoTweaks.ColorName.FFDF46,Gás de gárgula,
Calloatti.AutoTweaks.ColorName.FFE36E,Bege amarelo? → Tom amarelo,
Calloatti.AutoTweaks.ColorName.FFE4B5,Mocassim,
Calloatti.AutoTweaks.ColorName.FFE4C4,Bisque,
Calloatti.AutoTweaks.ColorName.FFE4CD,Madeira,
Calloatti.AutoTweaks.ColorName.FFE4E1,Rosa borrifado,
Calloatti.AutoTweaks.ColorName.FFE5AD,Pêssego pálido,
Calloatti.AutoTweaks.ColorName.FFEB00,Amarelo central,
Calloatti.AutoTweaks.ColorName.FFEBCD,Amêndoa escaldada,
Calloatti.AutoTweaks.ColorName.FFEFD5,Colo de papagaio,
Calloatti.AutoTweaks.ColorName.FFF0F5,Rosa lavanda,
Calloatti.AutoTweaks.ColorName.FFF39A,Creme escuro,
Calloatti.AutoTweaks.ColorName.FFF4F2,Rosa muito claro,
Calloatti.AutoTweaks.ColorName.FFF5EE,Casco mar,
Calloatti.AutoTweaks.ColorName.FFF700,Sol brilhante,
Calloatti.AutoTweaks.ColorName.FFF8DC,Seda de milho,
Calloatti.AutoTweaks.ColorName.FFF917,Amarelo ensolarado,
Calloatti.AutoTweaks.ColorName.FFF9D0,Cobre? → Pálido,
Calloatti.AutoTweaks.ColorName.FFFA86,Manga? → Manila,
Calloatti.AutoTweaks.ColorName.FFFACD,Limão chiffon,
Calloatti.AutoTweaks.ColorName.FFFAF0,Floral branco,
Calloatti.AutoTweaks.ColorName.FFFAFA,Neve,
Calloatti.AutoTweaks.ColorName.FFFCC4,Casca de ovo,
Calloatti.AutoTweaks.ColorName.FFFD01,Amarelo brilhante,
Calloatti.AutoTweaks.ColorName.FFFD37,Amarelo sol,
Calloatti.AutoTweaks.ColorName.FFFD74,Amarelo manteiga,
Calloatti.AutoTweaks.ColorName.FFFD78,Pudim,
Calloatti.AutoTweaks.ColorName.FFFE40,Amarelo canário,
Calloatti.AutoTweaks.ColorName.FFFE71,Amarelo pastel,
Calloatti.AutoTweaks.ColorName.FFFE7A,Amarelo claro,
Calloatti.AutoTweaks.ColorName.FFFEB6,Bege claro,
Calloatti.AutoTweaks.ColorName.FFFF00,Amarelo,
Calloatti.AutoTweaks.ColorName.FFFF14,Amarelo,
Calloatti.AutoTweaks.ColorName.FFFF1F,Amarelo limão,
Calloatti.AutoTweaks.ColorName.FFFF31,Dafodil,
Calloatti.AutoTweaks.ColorName.FFFF38,Limão,
Calloatti.AutoTweaks.ColorName.FFFF66,Amarelo insuportável,
Calloatti.AutoTweaks.ColorName.FFFF7E,Banana,
Calloatti.AutoTweaks.ColorName.FFFF81,Manteiga,
Calloatti.AutoTweaks.ColorName.FFFF84,Amarelo pálido,
Calloatti.AutoTweaks.ColorName.FFFF99,Canário,
Calloatti.AutoTweaks.ColorName.FFFF9F,Amarelo limão,
Calloatti.AutoTweaks.ColorName.FFFFB6,Creme,
Calloatti.AutoTweaks.ColorName.FFFFC2,Creme,
Calloatti.AutoTweaks.ColorName.FFFFCB,Marfim,
Calloatti.AutoTweaks.ColorName.FFFFD4,Casca de ovo,
Calloatti.AutoTweaks.ColorName.FFFFE0,Amarelo claro,
Calloatti.AutoTweaks.ColorName.FFFFE4,Branco desbotado,
Calloatti.AutoTweaks.ColorName.FFFFF0,Marfim,
Calloatti.AutoTweaks.ColorName.FFFFFF,Branco,
Calloatti.AutoTweaks.ColorUI.CustomHexColor,Cor hexadecimal personalizada,
Calloatti.AutoTweaks.ColorUI.RevertToDefaultColor,Reverter para a cor padrão,
Calloatti.AutoTweaks.ColorUI.SelectedColor,Cor selecionada,
Calloatti.AutoTweaks.Relay.ReplicateInputColors,Replicar cores de entrada,